CustomerId,ChurnProbability,RiskTier,ActualExited,TopReason1,TopReason2,TopReason3,RecommendedAction
15749540,0.0691,Low,0,num__IsActiveMember,cat__AgeGroup_18-30,num__CreditScore,Re-engagement campaign
15807340,0.2542,Medium,0,num__IsGermany,num__IsActiveMember,num__BalanceSalaryRatio,Review pricing and service in Germany
15801062,0.1507,Low,0,cat__Gender_Male,num__CreditScore,num__HasCrCard,Regular follow-up and general retention offer
15572801,0.1874,Low,0,num__IsActiveMember,num__BalanceSalaryRatio,cat__Geography_Spain,Re-engagement campaign
15600708,0.3612,Medium,0,num__NumOfProducts,cat__Gender_Male,num__EstimatedSalary,Regular follow-up and general retention offer
15703544,0.5438,High,0,num__NumOfProducts,num__IsActiveMember,num__EstimatedSalary,Regular follow-up and general retention offer
15704081,0.1399,Low,0,num__IsGermany,num__BalanceSalaryRatio,num__Balance,Review pricing and service in Germany
15801788,0.6948,High,0,num__NumOfProducts,num__IsGermany,num__Balance,Regular follow-up and general retention offer
15592222,0.7475,Critical,0,num__Age,num__IsActiveMember,num__NumOfProducts,Age-specific offer and proactive call
15584338,0.266,Medium,0,cat__Gender_Male,num__ProductsPerTenure,num__IsActiveMember,Regular follow-up and general retention offer
15730793,0.8473,Critical,1,num__Age,num__IsGermany,num__NumOfProducts,Age-specific offer and proactive call
15625819,0.674,High,0,num__NumOfProducts,cat__Gender_Male,num__IsActiveMember,Regular follow-up and general retention offer
15601387,0.0444,Low,0,num__IsActiveMember,cat__AgeGroup_18-30,cat__CreditScoreBin_Fair,Re-engagement campaign
15761525,0.1867,Low,0,cat__Gender_Male,num__IsActiveMember,num__BalanceSalaryRatio,Regular follow-up and general retention offer
15766649,0.3507,Medium,0,num__IsActiveMember,num__NumOfProducts,num__ProductsPerTenure,Re-engagement campaign
15591179,0.0331,Low,0,cat__Geography_France,num__TenureByAge,cat__Geography_Spain,Regular follow-up and general retention offer
15734005,0.2206,Medium,0,cat__Gender_Male,num__IsActiveMember,cat__AgeGroup_41-50,Regular follow-up and general retention offer
15687270,0.3074,Medium,0,num__Age,cat__Gender_Male,num__EstimatedSalary,Age-specific offer and proactive call
15646764,0.9171,Critical,1,num__Age,num__InactiveSenior,num__IsActiveMember,Age-specific offer and proactive call
15610930,0.6484,High,0,num__IsGermany,num__NumOfProducts,num__IsActiveMember,Review pricing and service in Germany
15656683,0.9677,Critical,1,num__Age,num__InactiveSenior,num__NumOfProducts,Age-specific offer and proactive call
15790412,0.0454,Low,0,num__EstimatedSalary,num__CreditScore,cat__Geography_Spain,Regular follow-up and general retention offer
15589437,0.1623,Low,0,num__NumOfProducts,num__ZeroBalance,num__CreditScore,Regular follow-up and general retention offer
15622631,0.5813,High,1,num__Age,num__IsActiveMember,num__NumOfProducts,Age-specific offer and proactive call
15768295,0.2454,Medium,0,num__NumOfProducts,cat__Gender_Male,num__ProductsPerTenure,Regular follow-up and general retention offer
15768006,0.2769,Medium,0,num__NumOfProducts,num__IsActiveMember,num__BalanceSalaryRatio,Regular follow-up and general retention offer
15619045,0.2785,Medium,0,num__Age,cat__Gender_Male,cat__AgeGroup_41-50,Age-specific offer and proactive call
15694805,0.2028,Medium,0,num__NumOfProducts,cat__Geography_France,cat__Geography_Spain,Regular follow-up and general retention offer
15665064,0.1822,Low,0,num__IsActiveMember,num__BalanceSalaryRatio,num__ZeroBalance,Re-engagement campaign
15756535,0.5065,High,0,num__IsGermany,num__NumOfProducts,cat__Geography_Germany,Review pricing and service in Germany
15750803,0.2346,Medium,0,num__NumOfProducts,cat__Gender_Male,num__BalanceSalaryRatio,Regular follow-up and general retention offer
15627665,0.8103,Critical,1,num__Age,num__NumOfProducts,num__IsActiveMember,Age-specific offer and proactive call
15749472,0.8148,Critical,0,num__Age,num__NumOfProducts,num__IsActiveMember,Age-specific offer and proactive call
15640917,0.1395,Low,0,num__Age,cat__AgeGroup_41-50,num__CreditScore,Age-specific offer and proactive call
15578866,0.6807,High,0,num__NumOfProducts,num__Age,cat__Gender_Male,Regular follow-up and general retention offer
15622518,0.2514,Medium,1,num__NumOfProducts,cat__Gender_Male,num__ProductsPerTenure,Regular follow-up and general retention offer
15685872,0.1936,Low,0,cat__Gender_Male,num__NumOfProducts,num__EstimatedSalary,Regular follow-up and general retention offer
15625126,0.1679,Low,0,cat__Gender_Male,num__EstimatedSalary,num__CreditScore,Regular follow-up and general retention offer
15752809,0.6069,High,0,num__Age,num__IsActiveMember,num__NumOfProducts,Age-specific offer and proactive call
15585580,0.7855,Critical,1,num__Age,num__IsGermany,num__NumOfProducts,Age-specific offer and proactive call
15738546,0.196,Low,0,cat__Gender_Male,cat__AgeGroup_41-50,num__EstimatedSalary,Regular follow-up and general retention offer
15737080,0.0614,Low,0,cat__Gender_Male,num__CreditScore,num__HasCrCard,Regular follow-up and general retention offer
15644400,0.5883,High,0,num__Age,num__IsActiveMember,num__NumOfProducts,Age-specific offer and proactive call
15745844,0.3638,Medium,1,num__IsGermany,cat__Gender_Male,num__BalanceSalaryRatio,Review pricing and service in Germany
15581332,0.0924,Low,0,cat__Gender_Male,num__IsGermany,num__EstimatedSalary,Regular follow-up and general retention offer
15640491,0.1715,Low,0,cat__Gender_Male,num__IsActiveMember,num__BalanceSalaryRatio,Regular follow-up and general retention offer
15673837,0.4906,High,0,num__Age,num__NumOfProducts,num__CreditScore,Age-specific offer and proactive call
15768163,0.8765,Critical,1,num__Age,num__IsGermany,num__NumOfProducts,Age-specific offer and proactive call
15607786,0.1531,Low,0,num__NumOfProducts,num__BalanceSalaryRatio,num__ProductsPerTenure,Regular follow-up and general retention offer
15668283,0.9907,Critical,1,num__NumOfProducts,num__HighProductCount,num__Age,Immediate review by Relationship Manager
15592379,0.4358,Medium,0,num__IsActiveMember,cat__Gender_Male,num__BalanceSalaryRatio,Re-engagement campaign
15574369,0.5164,High,0,num__Age,num__NumOfProducts,num__CreditScore,Age-specific offer and proactive call
15641122,0.051,Low,0,num__IsActiveMember,num__TenureByAge,cat__CreditScoreBin_Fair,Re-engagement campaign
15664204,0.0362,Low,0,cat__Geography_France,cat__Geography_Spain,num__TenureByAge,Regular follow-up and general retention offer
15736730,0.7818,Critical,0,num__Age,num__NumOfProducts,cat__Gender_Male,Age-specific offer and proactive call
15620344,0.3758,Medium,0,num__NumOfProducts,num__IsActiveMember,num__Balance,Regular follow-up and general retention offer
15648702,0.2892,Medium,0,num__IsGermany,num__Age,num__BalanceSalaryRatio,Review pricing and service in Germany
15780770,0.1756,Low,0,num__NumOfProducts,num__ProductsPerTenure,num__EstimatedSalary,Regular follow-up and general retention offer
15679075,0.4017,Medium,0,num__IsActiveMember,num__NumOfProducts,num__BalanceSalaryRatio,Re-engagement campaign
15697567,0.0334,Low,0,num__TenureByAge,cat__AgeGroup_18-30,num__Tenure,Age-specific offer and proactive call
15678571,0.0405,Low,0,num__IsActiveMember,num__HasCrCard,num__TenureByAge,Re-engagement campaign
15639217,0.0515,Low,0,num__IsActiveMember,num__TenureByAge,cat__CreditScoreBin_Fair,Re-engagement campaign
15654673,0.739,Critical,1,num__Age,num__IsActiveMember,num__NumOfProducts,Age-specific offer and proactive call
15718454,0.3132,Medium,0,num__Age,cat__Gender_Male,num__IsActiveMember,Age-specific offer and proactive call
15618695,0.2738,Medium,0,num__NumOfProducts,cat__Gender_Male,cat__Geography_France,Regular follow-up and general retention offer
15690153,0.2734,Medium,0,cat__Gender_Male,num__EstimatedSalary,num__BalanceSalaryRatio,Regular follow-up and general retention offer
15662488,0.3182,Medium,1,num__Age,cat__Gender_Male,num__IsActiveMember,Age-specific offer and proactive call
15775153,0.2839,Medium,0,num__NumOfProducts,num__IsActiveMember,cat__Geography_France,Regular follow-up and general retention offer
15697283,0.0596,Low,0,num__IsActiveMember,cat__Geography_France,cat__Geography_Spain,Re-engagement campaign
15642099,0.0956,Low,0,num__IsActiveMember,cat__Geography_France,cat__CreditScoreBin_Fair,Re-engagement campaign
15677184,0.3008,Medium,0,cat__Gender_Male,num__NumOfProducts,num__ProductsPerTenure,Regular follow-up and general retention offer
15640507,0.9623,Critical,1,num__NumOfProducts,num__HighProductCount,num__BalanceSalaryRatio,Immediate review by Relationship Manager
15615029,0.4073,Medium,0,num__NumOfProducts,num__Balance,num__BalanceSalaryRatio,Regular follow-up and general retention offer
15596175,0.5157,High,1,num__IsGermany,num__NumOfProducts,cat__Geography_Germany,Review pricing and service in Germany
15719508,0.989,Critical,1,num__NumOfProducts,num__HighProductCount,num__Age,Immediate review by Relationship Manager
15595917,0.3054,Medium,0,cat__Gender_Male,num__NumOfProducts,num__CreditScore,Regular follow-up and general retention offer
15765297,0.179,Low,0,num__ProductsPerTenure,num__TenureByAge,num__EstimatedSalary,Regular follow-up and general retention offer
15607178,0.4375,Medium,0,num__NumOfProducts,num__IsGermany,cat__Geography_Germany,Regular follow-up and general retention offer
15775082,0.2003,Medium,0,num__BalanceSalaryRatio,cat__AgeGroup_41-50,num__ZeroBalance,Regular follow-up and general retention offer
15585985,0.7138,Critical,1,num__Age,num__IsActiveMember,num__NumOfProducts,Age-specific offer and proactive call
15648735,0.0599,Low,0,num__TenureByAge,num__EstimatedSalary,cat__AgeGroup_18-30,Age-specific offer and proactive call
15737169,0.2204,Medium,0,num__NumOfProducts,num__EstimatedSalary,cat__Geography_France,Regular follow-up and general retention offer
15731148,0.1662,Low,1,num__NumOfProducts,num__TenureByAge,num__CreditScore,Regular follow-up and general retention offer
15592707,0.3464,Medium,0,num__Age,num__IsGermany,cat__Gender_Male,Age-specific offer and proactive call
15766047,0.4122,Medium,0,cat__Gender_Male,num__NumOfProducts,cat__AgeGroup_41-50,Regular follow-up and general retention offer
15752588,0.0425,Low,0,cat__AgeGroup_18-30,num__TenureByAge,cat__AgeGroup_60+,Age-specific offer and proactive call
15808851,0.2872,Medium,0,num__IsGermany,num__NumOfProducts,num__CreditScore,Review pricing and service in Germany
15791111,0.665,High,0,num__Age,num__IsActiveMember,cat__Gender_Male,Age-specific offer and proactive call
15775108,0.0743,Low,0,num__EstimatedSalary,num__ZeroBalance,num__HasCrCard,Regular follow-up and general retention offer
15621083,0.3942,Medium,1,num__Age,num__BalanceSalaryRatio,cat__AgeGroup_51-60,Age-specific offer and proactive call
15781574,0.0448,Low,0,num__NumOfProducts,cat__Geography_France,num__Tenure,Regular follow-up and general retention offer
15775562,0.1002,Low,0,cat__Gender_Male,num__IsActiveMember,num__TenureByAge,Regular follow-up and general retention offer
15772216,0.3774,Medium,0,cat__Gender_Male,num__NumOfProducts,num__TenureByAge,Regular follow-up and general retention offer
15632899,0.1364,Low,0,num__IsActiveMember,num__BalanceSalaryRatio,cat__Geography_France,Re-engagement campaign
15786196,0.9752,Critical,1,num__NumOfProducts,num__HighProductCount,num__Age,Immediate review by Relationship Manager
15619529,0.2894,Medium,0,num__NumOfProducts,num__IsActiveMember,cat__Geography_France,Regular follow-up and general retention offer
15683930,0.2219,Medium,1,num__IsGermany,cat__Gender_Male,num__BalanceSalaryRatio,Review pricing and service in Germany
15576044,0.5014,High,0,num__IsGermany,num__NumOfProducts,num__IsActiveMember,Review pricing and service in Germany
15574886,0.1521,Low,0,num__NumOfProducts,num__ProductsPerTenure,num__TenureByAge,Regular follow-up and general retention offer
15797227,0.0309,Low,0,cat__Geography_Spain,num__Tenure,cat__CreditScoreBin_Fair,Regular follow-up and general retention offer
15813917,0.4433,Medium,0,num__IsGermany,num__NumOfProducts,num__IsActiveMember,Review pricing and service in Germany
15809906,0.1255,Low,0,num__IsGermany,num__BalanceSalaryRatio,num__ZeroBalance,Review pricing and service in Germany
15757661,0.1611,Low,0,cat__Gender_Male,num__IsActiveMember,num__CreditScore,Regular follow-up and general retention offer
15804919,0.5581,High,1,num__NumOfProducts,num__Age,num__Balance,Regular follow-up and general retention offer
15571261,0.2521,Medium,0,num__IsGermany,cat__Gender_Male,num__BalanceSalaryRatio,Review pricing and service in Germany
15727361,0.4154,Medium,0,num__Age,cat__Gender_Male,num__TenureByAge,Age-specific offer and proactive call
15788930,0.3814,Medium,0,num__IsActiveMember,num__NumOfProducts,num__ProductsPerTenure,Re-engagement campaign
15812750,0.1757,Low,0,num__NumOfProducts,num__BalanceSalaryRatio,num__CreditScore,Regular follow-up and general retention offer
15774510,0.2176,Medium,0,num__NumOfProducts,cat__Gender_Male,num__ZeroBalance,Regular follow-up and general retention offer
15660211,0.2593,Medium,0,num__IsGermany,num__IsActiveMember,num__BalanceSalaryRatio,Review pricing and service in Germany
15709737,0.1256,Low,0,num__BalanceSalaryRatio,num__ZeroBalance,num__HasCrCard,Regular follow-up and general retention offer
15710295,0.4647,High,0,num__IsGermany,cat__Gender_Male,num__IsActiveMember,Review pricing and service in Germany
15788539,0.3446,Medium,0,num__NumOfProducts,num__IsActiveMember,cat__Gender_Male,Regular follow-up and general retention offer
15635776,0.557,High,0,num__Age,cat__Gender_Male,num__IsGermany,Age-specific offer and proactive call
15779207,0.1547,Low,0,num__IsGermany,num__BalanceSalaryRatio,num__Balance,Review pricing and service in Germany
15611729,0.5643,High,1,num__IsGermany,num__NumOfProducts,cat__Geography_Germany,Review pricing and service in Germany
15705620,0.1489,Low,0,num__IsActiveMember,num__BalanceSalaryRatio,num__ZeroBalance,Re-engagement campaign
15572735,0.0364,Low,0,num__CreditScore,cat__Geography_Spain,num__TenureByAge,Regular follow-up and general retention offer
15646366,0.6555,High,0,num__IsGermany,num__NumOfProducts,cat__Geography_Germany,Review pricing and service in Germany
15733872,0.2788,Medium,1,num__IsGermany,cat__Gender_Male,num__IsActiveMember,Review pricing and service in Germany
15686913,0.5523,High,0,num__NumOfProducts,num__IsActiveMember,num__Balance,Regular follow-up and general retention offer
15628558,0.5298,High,0,num__Age,cat__Gender_Male,num__NumOfProducts,Age-specific offer and proactive call
15770539,0.1257,Low,0,num__NumOfProducts,num__ZeroBalance,cat__Geography_Spain,Regular follow-up and general retention offer
15778481,0.5382,High,0,num__Age,num__NumOfProducts,num__TenureByAge,Age-specific offer and proactive call
15679743,0.2379,Medium,0,cat__Gender_Male,num__NumOfProducts,num__ProductsPerTenure,Regular follow-up and general retention offer
15731890,0.3335,Medium,0,num__NumOfProducts,cat__AgeGroup_41-50,num__CreditScore,Regular follow-up and general retention offer
15763895,0.2336,Medium,0,num__Balance,num__IsActiveMember,num__BalanceSalaryRatio,Regular follow-up and general retention offer
15600879,0.3364,Medium,0,num__IsGermany,num__IsActiveMember,cat__Gender_Male,Review pricing and service in Germany
15599403,0.4514,High,0,num__Age,num__EstimatedSalary,num__BalanceSalaryRatio,Age-specific offer and proactive call
15630413,0.1612,Low,0,cat__Gender_Male,cat__AgeGroup_41-50,num__CreditScore,Regular follow-up and general retention offer
15746594,0.4501,High,0,num__NumOfProducts,num__IsActiveMember,num__Balance,Regular follow-up and general retention offer
15574213,0.6813,High,1,num__Age,cat__Gender_Male,num__NumOfProducts,Age-specific offer and proactive call
15685536,0.0741,Low,0,cat__Gender_Male,num__CreditScore,cat__AgeGroup_18-30,Regular follow-up and general retention offer
15750049,0.4193,Medium,0,num__IsActiveMember,num__NumOfProducts,num__ProductsPerTenure,Re-engagement campaign
15672467,0.533,High,0,num__Age,cat__Gender_Male,num__BalanceSalaryRatio,Age-specific offer and proactive call
15641595,0.4423,Medium,0,num__Age,num__IsActiveMember,num__BalanceSalaryRatio,Age-specific offer and proactive call
15708357,0.6257,High,0,num__NumOfProducts,num__IsActiveMember,cat__Gender_Male,Regular follow-up and general retention offer
15619116,0.0974,Low,0,cat__Gender_Male,num__CreditScore,num__HasCrCard,Regular follow-up and general retention offer
15661349,0.0442,Low,0,num__IsActiveMember,cat__AgeGroup_18-30,num__CreditScore,Re-engagement campaign
15652999,0.3556,Medium,0,num__IsGermany,num__NumOfProducts,cat__Geography_Germany,Review pricing and service in Germany
15602909,0.1861,Low,0,cat__Gender_Male,cat__AgeGroup_41-50,num__EstimatedSalary,Regular follow-up and general retention offer
15622911,0.3305,Medium,0,num__NumOfProducts,cat__AgeGroup_41-50,num__Age,Regular follow-up and general retention offer
15570134,0.3388,Medium,0,num__Balance,cat__Gender_Male,num__BalanceSalaryRatio,Regular follow-up and general retention offer
15797822,0.1651,Low,0,num__NumOfProducts,num__BalanceSalaryRatio,num__TenureByAge,Regular follow-up and general retention offer
15730137,0.2316,Medium,0,num__NumOfProducts,num__IsActiveMember,num__TenureByAge,Regular follow-up and general retention offer
15648069,0.0708,Low,0,cat__Gender_Male,num__EstimatedSalary,cat__AgeGroup_18-30,Regular follow-up and general retention offer
15802390,0.0576,Low,0,cat__Gender_Male,cat__AgeGroup_18-30,num__Tenure,Regular follow-up and general retention offer
15693382,0.2577,Medium,0,num__NumOfProducts,num__Balance,num__BalanceSalaryRatio,Regular follow-up and general retention offer
15578878,0.287,Medium,0,num__NumOfProducts,cat__Gender_Male,cat__Geography_France,Regular follow-up and general retention offer
15795933,0.3306,Medium,0,num__Age,cat__Gender_Male,cat__AgeGroup_41-50,Age-specific offer and proactive call
15574795,0.3594,Medium,0,num__NumOfProducts,cat__Gender_Male,num__CreditScore,Regular follow-up and general retention offer
15690164,0.5938,High,0,num__NumOfProducts,num__IsGermany,cat__Gender_Male,Regular follow-up and general retention offer
15706463,0.0999,Low,0,cat__Gender_Male,num__CreditScore,cat__AgeGroup_18-30,Regular follow-up and general retention offer
15635256,0.1627,Low,0,num__NumOfProducts,num__ProductsPerTenure,num__TenureByAge,Regular follow-up and general retention offer
15630913,0.4309,Medium,0,cat__Gender_Male,num__NumOfProducts,num__TenureByAge,Regular follow-up and general retention offer
15716236,0.0462,Low,0,num__IsActiveMember,cat__CreditScoreBin_Poor,num__CreditScore,Re-engagement campaign
15757865,0.1597,Low,0,num__Age,num__CreditScore,cat__AgeGroup_18-30,Age-specific offer and proactive call
15672082,0.7349,Critical,0,num__Age,num__InactiveSenior,num__IsActiveMember,Age-specific offer and proactive call
15699507,0.0488,Low,0,cat__Gender_Male,num__CreditScore,num__HasCrCard,Regular follow-up and general retention offer
15800805,0.244,Medium,0,num__NumOfProducts,cat__Gender_Male,num__BalanceSalaryRatio,Regular follow-up and general retention offer
15792222,0.3029,Medium,0,cat__Gender_Male,num__IsActiveMember,num__BalanceSalaryRatio,Regular follow-up and general retention offer
15613140,0.3042,Medium,0,num__NumOfProducts,num__Balance,num__BalanceSalaryRatio,Regular follow-up and general retention offer
15590349,0.5855,High,1,num__NumOfProducts,num__IsActiveMember,cat__Gender_Male,Regular follow-up and general retention offer
15663410,0.9724,Critical,1,num__NumOfProducts,num__HighProductCount,num__Age,Immediate review by Relationship Manager
15592104,0.728,Critical,1,num__NumOfProducts,num__IsActiveMember,cat__Gender_Male,Regular follow-up and general retention offer
15689152,0.3885,Medium,0,num__IsActiveMember,num__NumOfProducts,num__BalanceSalaryRatio,Re-engagement campaign
15677783,0.3776,Medium,0,num__IsActiveMember,num__NumOfProducts,cat__Geography_France,Re-engagement campaign
15751628,0.5329,High,0,num__Age,num__NumOfProducts,cat__AgeGroup_51-60,Age-specific offer and proactive call
15658360,0.1794,Low,0,num__IsActiveMember,num__BalanceSalaryRatio,num__ZeroBalance,Re-engagement campaign
15716041,0.0597,Low,0,num__CreditScore,num__HasCrCard,cat__Geography_France,Regular follow-up and general retention offer
15603323,0.0927,Low,0,cat__Gender_Male,num__IsActiveMember,cat__Geography_France,Regular follow-up and general retention offer
15724834,0.0754,Low,0,cat__Gender_Male,num__IsActiveMember,num__EstimatedSalary,Regular follow-up and general retention offer
15720529,0.0391,Low,0,num__TenureByAge,num__CreditScore,num__Tenure,Age-specific offer and proactive call
15677369,0.7043,Critical,0,num__NumOfProducts,num__IsGermany,num__IsActiveMember,Regular follow-up and general retention offer
15701164,0.2651,Medium,0,cat__Gender_Male,num__NumOfProducts,num__EstimatedSalary,Regular follow-up and general retention offer
15637366,0.1635,Low,0,num__IsGermany,cat__Gender_Male,num__BalanceSalaryRatio,Review pricing and service in Germany
15780628,0.0857,Low,0,cat__Gender_Male,num__IsActiveMember,num__TenureByAge,Regular follow-up and general retention offer
15589323,0.064,Low,0,cat__Gender_Male,num__CreditScore,num__HasCrCard,Regular follow-up and general retention offer
15753161,0.4086,Medium,0,num__Balance,num__IsActiveMember,cat__Gender_Male,Regular follow-up and general retention offer
15657386,0.4667,High,0,num__Age,num__IsGermany,num__BalanceSalaryRatio,Age-specific offer and proactive call
15634949,0.1179,Low,0,num__IsGermany,num__BalanceSalaryRatio,cat__Geography_Germany,Review pricing and service in Germany
15752097,0.4095,Medium,0,num__IsActiveMember,num__NumOfProducts,num__BalanceSalaryRatio,Re-engagement campaign
15599126,0.585,High,1,num__Age,cat__Gender_Male,num__NumOfProducts,Age-specific offer and proactive call
15571193,0.7049,Critical,1,num__IsGermany,num__NumOfProducts,num__TenureByAge,Review pricing and service in Germany
15716781,0.2107,Medium,0,num__NumOfProducts,num__EstimatedSalary,num__ProductsPerTenure,Regular follow-up and general retention offer
15774328,0.2793,Medium,0,num__IsGermany,num__BalanceSalaryRatio,num__Balance,Review pricing and service in Germany
15628767,0.4237,Medium,1,num__Age,cat__Gender_Male,num__BalanceSalaryRatio,Age-specific offer and proactive call
15613048,0.6502,High,1,num__IsGermany,num__NumOfProducts,cat__Gender_Male,Review pricing and service in Germany
15631756,0.2638,Medium,0,cat__Gender_Male,num__IsActiveMember,num__BalanceSalaryRatio,Regular follow-up and general retention offer
15723894,0.668,High,0,num__Age,num__IsActiveMember,num__NumOfProducts,Age-specific offer and proactive call
15782121,0.074,Low,0,cat__Gender_Male,num__IsActiveMember,num__TenureByAge,Regular follow-up and general retention offer
15609545,0.1865,Low,0,num__NumOfProducts,num__ProductsPerTenure,num__EstimatedSalary,Regular follow-up and general retention offer
15675675,0.2737,Medium,0,num__IsActiveMember,num__NumOfProducts,cat__Gender_Male,Re-engagement campaign
15801658,0.5449,High,0,num__Age,num__NumOfProducts,cat__AgeGroup_51-60,Age-specific offer and proactive call
15629787,0.1151,Low,0,num__IsActiveMember,num__BalanceSalaryRatio,num__ZeroBalance,Re-engagement campaign
15570908,0.2548,Medium,0,cat__Gender_Male,num__NumOfProducts,cat__Geography_France,Regular follow-up and general retention offer
15739438,0.0534,Low,0,num__ProductsPerTenure,num__IsActiveMember,num__TenureByAge,Regular follow-up and general retention offer
15641662,0.3586,Medium,0,num__IsGermany,num__IsActiveMember,num__BalanceSalaryRatio,Review pricing and service in Germany
15804950,0.1702,Low,0,cat__Gender_Male,cat__AgeGroup_41-50,num__CreditScore,Regular follow-up and general retention offer
15779738,0.2168,Medium,0,num__NumOfProducts,num__Balance,num__EstimatedSalary,Regular follow-up and general retention offer
15792668,0.3128,Medium,1,num__IsGermany,num__IsActiveMember,num__BalanceSalaryRatio,Review pricing and service in Germany
15748552,0.5866,High,0,num__IsGermany,num__NumOfProducts,num__IsActiveMember,Review pricing and service in Germany
15773512,0.3827,Medium,0,num__NumOfProducts,cat__Gender_Male,num__EstimatedSalary,Regular follow-up and general retention offer
15793366,0.1251,Low,0,num__IsGermany,num__ZeroBalance,cat__Geography_Germany,Review pricing and service in Germany
15683841,0.323,Medium,0,num__IsGermany,num__BalanceSalaryRatio,num__Balance,Review pricing and service in Germany
15567897,0.3954,Medium,0,num__IsGermany,num__NumOfProducts,cat__Geography_Germany,Review pricing and service in Germany
15570051,0.4667,High,0,cat__Gender_Male,num__IsGermany,num__IsActiveMember,Regular follow-up and general retention offer
15762238,0.7049,Critical,0,num__Age,num__ProductsPerTenure,num__IsGermany,Age-specific offer and proactive call
15579548,0.0762,Low,0,num__IsActiveMember,cat__Geography_France,cat__Geography_Spain,Re-engagement campaign
15644132,0.214,Medium,0,num__NumOfProducts,cat__Gender_Male,num__ProductsPerTenure,Regular follow-up and general retention offer
15598046,0.3154,Medium,0,cat__Gender_Male,num__IsActiveMember,num__BalanceSalaryRatio,Regular follow-up and general retention offer
15778463,0.4607,High,0,num__IsActiveMember,num__NumOfProducts,cat__Gender_Male,Re-engagement campaign
15799479,0.261,Medium,0,num__NumOfProducts,num__Balance,num__BalanceSalaryRatio,Regular follow-up and general retention offer
15696047,0.2151,Medium,0,num__NumOfProducts,num__BalanceSalaryRatio,num__CreditScore,Regular follow-up and general retention offer
15784180,0.5817,High,1,num__Balance,cat__Gender_Male,num__NumOfProducts,Regular follow-up and general retention offer
15737025,0.7619,Critical,1,num__NumOfProducts,num__HighProductCount,num__EstimatedSalary,Immediate review by Relationship Manager
15801395,0.3351,Medium,0,num__NumOfProducts,cat__Gender_Male,num__IsActiveMember,Regular follow-up and general retention offer
15732774,0.3461,Medium,0,num__IsActiveMember,num__NumOfProducts,num__ProductsPerTenure,Re-engagement campaign
15768455,0.1769,Low,0,num__Age,cat__AgeGroup_51-60,cat__AgeGroup_18-30,Age-specific offer and proactive call
15712303,0.2379,Medium,0,num__NumOfProducts,num__Age,num__ZeroBalance,Regular follow-up and general retention offer
15639662,0.085,Low,0,num__IsActiveMember,cat__CreditScoreBin_Fair,cat__AgeGroup_18-30,Re-engagement campaign
15791767,0.1163,Low,0,cat__Gender_Male,num__IsActiveMember,num__EstimatedSalary,Regular follow-up and general retention offer
15679587,0.2398,Medium,0,cat__Gender_Male,num__NumOfProducts,num__ProductsPerTenure,Regular follow-up and general retention offer
15814846,0.9545,Critical,1,num__Age,num__InactiveSenior,num__NumOfProducts,Age-specific offer and proactive call
15599660,0.1215,Low,0,num__BalanceSalaryRatio,num__ZeroBalance,num__Balance,Regular follow-up and general retention offer
15641009,0.3563,Medium,0,num__NumOfProducts,num__IsActiveMember,cat__CreditScoreBin_Poor,Regular follow-up and general retention offer
15747762,0.2726,Medium,0,num__NumOfProducts,num__IsActiveMember,num__BalanceSalaryRatio,Regular follow-up and general retention offer
15705899,0.2064,Medium,0,num__NumOfProducts,num__TenureByAge,cat__Geography_France,Regular follow-up and general retention offer
15691483,0.0931,Low,0,cat__Gender_Male,num__IsActiveMember,num__EstimatedSalary,Regular follow-up and general retention offer
15681206,0.8288,Critical,1,num__Age,num__IsActiveMember,num__NumOfProducts,Age-specific offer and proactive call
15657779,0.0231,Low,0,cat__Geography_France,num__TenureByAge,num__Tenure,Regular follow-up and general retention offer
15695339,0.9628,Critical,1,num__Age,num__InactiveSenior,num__IsGermany,Age-specific offer and proactive call
15704583,0.9634,Critical,1,num__Age,num__InactiveSenior,num__NumOfProducts,Age-specific offer and proactive call
15621815,0.5607,High,0,num__IsActiveMember,num__NumOfProducts,cat__Gender_Male,Re-engagement campaign
15668009,0.0665,Low,0,num__EstimatedSalary,num__HasCrCard,cat__Geography_France,Regular follow-up and general retention offer
15621116,0.5807,High,0,num__IsGermany,num__NumOfProducts,num__IsActiveMember,Review pricing and service in Germany
15633064,0.1358,Low,0,cat__Gender_Male,num__IsActiveMember,num__CreditScore,Regular follow-up and general retention offer
15628008,0.3591,Medium,0,num__IsActiveMember,num__NumOfProducts,cat__Gender_Male,Re-engagement campaign
15732020,0.5755,High,0,num__Age,num__IsGermany,num__BalanceSalaryRatio,Age-specific offer and proactive call
15578375,0.0921,Low,0,num__IsActiveMember,cat__AgeGroup_18-30,num__CreditScore,Re-engagement campaign
15734948,0.0477,Low,0,num__IsActiveMember,cat__Geography_Spain,cat__Geography_France,Re-engagement campaign
15596984,0.3937,Medium,1,num__NumOfProducts,cat__Gender_Male,num__Balance,Regular follow-up and general retention offer
15725221,0.7097,Critical,0,num__Age,num__IsGermany,num__NumOfProducts,Age-specific offer and proactive call
15617603,0.1287,Low,0,num__IsGermany,num__BalanceSalaryRatio,num__Balance,Review pricing and service in Germany
15607537,0.8611,Critical,1,num__Age,num__IsGermany,num__NumOfProducts,Age-specific offer and proactive call
15793803,0.2047,Medium,0,num__NumOfProducts,num__IsActiveMember,num__ZeroBalance,Regular follow-up and general retention offer
15742820,0.3172,Medium,0,num__Age,cat__Gender_Male,num__EstimatedSalary,Age-specific offer and proactive call
15592451,0.0328,Low,0,num__IsActiveMember,cat__CreditScoreBin_Poor,cat__CreditScoreBin_Fair,Re-engagement campaign
15696989,0.9941,Critical,1,num__NumOfProducts,num__Age,num__HighProductCount,Immediate review by Relationship Manager
15746564,0.3334,Medium,0,num__NumOfProducts,cat__AgeGroup_41-50,num__Age,Regular follow-up and general retention offer
15800845,0.2805,Medium,0,cat__Gender_Male,num__NumOfProducts,cat__Geography_France,Regular follow-up and general retention offer
15626012,0.2642,Medium,0,num__NumOfProducts,num__IsActiveMember,num__BalanceSalaryRatio,Regular follow-up and general retention offer
15750658,0.7481,Critical,0,num__NumOfProducts,num__HighProductCount,num__IsActiveMember,Immediate review by Relationship Manager
15720559,0.97,Critical,1,num__Age,num__InactiveSenior,num__IsActiveMember,Age-specific offer and proactive call
15618182,0.149,Low,0,cat__Gender_Male,num__IsActiveMember,cat__CreditScoreBin_Fair,Regular follow-up and general retention offer
15624471,0.0748,Low,0,num__IsActiveMember,cat__CreditScoreBin_Fair,cat__AgeGroup_18-30,Re-engagement campaign
15802351,0.199,Low,0,num__IsGermany,cat__Gender_Male,num__BalanceSalaryRatio,Review pricing and service in Germany
15762937,0.2668,Medium,0,num__IsGermany,cat__Gender_Male,num__BalanceSalaryRatio,Review pricing and service in Germany
15736327,0.6287,High,0,num__Age,num__IsGermany,cat__Gender_Male,Age-specific offer and proactive call
15798666,0.0804,Low,0,cat__Gender_Male,cat__AgeGroup_18-30,cat__Geography_Spain,Regular follow-up and general retention offer
15734610,0.9614,Critical,1,num__NumOfProducts,num__HighProductCount,num__BalanceSalaryRatio,Immediate review by Relationship Manager
15702669,0.4132,Medium,0,num__Age,num__IsGermany,num__BalanceSalaryRatio,Age-specific offer and proactive call
15642391,0.963,Critical,1,num__Age,num__InactiveSenior,num__NumOfProducts,Age-specific offer and proactive call
15693233,0.2008,Medium,0,num__IsGermany,num__BalanceSalaryRatio,cat__Geography_Germany,Review pricing and service in Germany
15652981,0.3998,Medium,0,num__IsGermany,num__NumOfProducts,num__BalanceSalaryRatio,Review pricing and service in Germany
15807245,0.6186,High,0,num__Balance,cat__Gender_Male,num__BalanceSalaryRatio,Regular follow-up and general retention offer
15757895,0.3923,Medium,0,num__IsGermany,num__NumOfProducts,cat__Geography_Germany,Review pricing and service in Germany
15768120,0.1439,Low,0,num__IsGermany,num__IsActiveMember,cat__Geography_Germany,Review pricing and service in Germany
15599124,0.0998,Low,0,cat__Gender_Male,num__IsActiveMember,num__EstimatedSalary,Regular follow-up and general retention offer
15646372,0.9115,Critical,1,num__InactiveSenior,num__Age,num__IsActiveMember,Re-engagement campaign
15787151,0.0896,Low,0,cat__Gender_Male,num__EstimatedSalary,num__CreditScore,Regular follow-up and general retention offer
15688395,0.0479,Low,0,num__IsActiveMember,num__TenureByAge,num__HasCrCard,Re-engagement campaign
15611644,0.1064,Low,0,num__NumOfProducts,num__TenureByAge,num__HasCrCard,Regular follow-up and general retention offer
15692317,0.0511,Low,0,num__IsActiveMember,num__TenureByAge,cat__CreditScoreBin_Fair,Re-engagement campaign
15723717,0.7243,Critical,1,num__IsGermany,num__NumOfProducts,num__IsActiveMember,Review pricing and service in Germany
15700325,0.2769,Medium,0,num__NumOfProducts,num__IsActiveMember,cat__Gender_Male,Regular follow-up and general retention offer
15769412,0.3762,Medium,1,num__Balance,num__IsActiveMember,num__BalanceSalaryRatio,Regular follow-up and general retention offer
15589969,0.2947,Medium,0,num__NumOfProducts,num__Balance,num__BalanceSalaryRatio,Regular follow-up and general retention offer
15710257,0.3659,Medium,0,num__NumOfProducts,cat__Gender_Male,num__CreditScore,Regular follow-up and general retention offer
15623695,0.0756,Low,0,cat__Gender_Male,num__EstimatedSalary,num__TenureByAge,Regular follow-up and general retention offer
15671148,0.2057,Medium,0,num__IsGermany,num__IsActiveMember,num__BalanceSalaryRatio,Review pricing and service in Germany
15649858,0.2277,Medium,0,num__NumOfProducts,num__ProductsPerTenure,cat__Geography_France,Regular follow-up and general retention offer
15660385,0.0921,Low,0,num__IsActiveMember,cat__AgeGroup_18-30,num__CreditScore,Re-engagement campaign
15622494,0.0497,Low,0,num__IsActiveMember,num__TenureByAge,cat__CreditScoreBin_Fair,Re-engagement campaign
15599792,0.0593,Low,0,cat__Gender_Male,num__EstimatedSalary,num__CreditScore,Regular follow-up and general retention offer
15734578,0.7005,Critical,0,num__Age,cat__Gender_Male,num__NumOfProducts,Age-specific offer and proactive call
15698522,0.3515,Medium,0,num__IsGermany,num__IsActiveMember,num__EstimatedSalary,Review pricing and service in Germany
15807003,0.4433,Medium,0,num__Balance,num__NumOfProducts,num__IsActiveMember,Regular follow-up and general retention offer
15767864,0.0571,Low,0,num__IsActiveMember,num__EstimatedSalary,num__TenureByAge,Re-engagement campaign
15754605,0.1311,Low,0,cat__Gender_Male,num__CreditScore,cat__AgeGroup_18-30,Regular follow-up and general retention offer
15672826,0.1484,Low,0,cat__Gender_Male,num__BalanceSalaryRatio,num__ZeroBalance,Regular follow-up and general retention offer
15734161,0.1958,Low,0,num__Age,num__IsActiveMember,cat__AgeGroup_41-50,Age-specific offer and proactive call
15602010,0.8375,Critical,1,num__Age,num__IsGermany,num__NumOfProducts,Age-specific offer and proactive call
15610147,0.198,Low,0,num__Age,cat__AgeGroup_51-60,num__CreditScore,Age-specific offer and proactive call
15651958,0.0287,Low,0,cat__Geography_Spain,num__Tenure,cat__CreditScoreBin_Fair,Regular follow-up and general retention offer
15605916,0.9632,Critical,1,num__Age,num__InactiveSenior,num__NumOfProducts,Age-specific offer and proactive call
15811927,0.4638,High,0,num__NumOfProducts,num__IsActiveMember,cat__Gender_Male,Regular follow-up and general retention offer
15733032,0.1855,Low,0,num__Age,cat__AgeGroup_41-50,cat__Geography_France,Age-specific offer and proactive call
15650098,0.1513,Low,0,cat__Gender_Male,num__CreditScore,cat__AgeGroup_18-30,Regular follow-up and general retention offer
15762543,0.0781,Low,0,cat__Gender_Male,num__IsActiveMember,cat__CreditScoreBin_Fair,Regular follow-up and general retention offer
15679284,0.7467,Critical,0,num__Age,num__IsActiveMember,num__NumOfProducts,Age-specific offer and proactive call
15795936,0.617,High,0,num__Age,num__InactiveSenior,num__IsActiveMember,Age-specific offer and proactive call
15724623,0.6142,High,1,num__IsGermany,num__NumOfProducts,num__IsActiveMember,Review pricing and service in Germany
15759387,0.5026,High,1,num__IsGermany,num__NumOfProducts,cat__Geography_Germany,Review pricing and service in Germany
15583736,0.2163,Medium,0,num__IsGermany,num__IsActiveMember,num__BalanceSalaryRatio,Review pricing and service in Germany
15789548,0.1114,Low,0,cat__Gender_Male,num__CreditScore,cat__AgeGroup_18-30,Regular follow-up and general retention offer
15696141,0.5533,High,0,num__NumOfProducts,num__IsActiveMember,cat__Gender_Male,Regular follow-up and general retention offer
15776454,0.8892,Critical,1,num__Age,num__NumOfProducts,num__IsActiveMember,Age-specific offer and proactive call
15577107,0.7759,Critical,1,num__NumOfProducts,num__HighProductCount,cat__Gender_Male,Immediate review by Relationship Manager
15622033,0.9893,Critical,1,num__NumOfProducts,num__HighProductCount,num__BalanceSalaryRatio,Immediate review by Relationship Manager
15743570,0.0716,Low,0,cat__Gender_Male,num__CreditScore,cat__AgeGroup_18-30,Regular follow-up and general retention offer
15713378,0.0904,Low,0,num__IsActiveMember,cat__CreditScoreBin_Fair,cat__AgeGroup_18-30,Re-engagement campaign
15692583,0.1001,Low,0,cat__Gender_Male,num__IsActiveMember,num__TenureByAge,Regular follow-up and general retention offer
15705403,0.6114,High,0,num__Age,num__NumOfProducts,cat__Gender_Male,Age-specific offer and proactive call
15703399,0.1821,Low,0,cat__Gender_Male,num__BalanceSalaryRatio,num__EstimatedSalary,Regular follow-up and general retention offer
15786539,0.0243,Low,0,cat__AgeGroup_18-30,cat__Geography_Spain,cat__CreditScoreBin_Fair,Age-specific offer and proactive call
15610042,0.2496,Medium,0,num__IsActiveMember,num__NumOfProducts,num__ProductsPerTenure,Re-engagement campaign
15596303,0.2091,Medium,1,cat__Gender_Male,num__IsActiveMember,num__ProductsPerTenure,Regular follow-up and general retention offer
15742116,0.7561,Critical,0,num__Age,num__IsGermany,num__IsActiveMember,Age-specific offer and proactive call
15759805,0.0955,Low,0,cat__Gender_Male,num__IsActiveMember,num__TenureByAge,Regular follow-up and general retention offer
15572547,0.7728,Critical,1,num__Age,num__IsActiveMember,cat__Gender_Male,Age-specific offer and proactive call
15599272,0.2684,Medium,0,cat__Gender_Male,num__NumOfProducts,num__EstimatedSalary,Regular follow-up and general retention offer
15775880,0.0563,Low,0,cat__Gender_Male,num__CreditScore,cat__CreditScoreBin_Poor,Regular follow-up and general retention offer
15698184,0.7761,Critical,0,num__Age,num__InactiveSenior,num__IsActiveMember,Age-specific offer and proactive call
15740442,0.9276,Critical,1,num__InactiveSenior,num__Age,num__IsActiveMember,Re-engagement campaign
15723028,0.0444,Low,0,num__IsActiveMember,cat__CreditScoreBin_Fair,cat__AgeGroup_18-30,Re-engagement campaign
15680278,0.617,High,1,num__IsActiveMember,num__NumOfProducts,cat__Gender_Male,Re-engagement campaign
15586243,0.4022,Medium,0,num__Age,num__NumOfProducts,cat__AgeGroup_41-50,Age-specific offer and proactive call
15755648,0.2398,Medium,0,num__NumOfProducts,num__IsActiveMember,cat__Gender_Male,Regular follow-up and general retention offer
15591344,0.0826,Low,0,cat__AgeGroup_41-50,num__Age,cat__Geography_France,Age-specific offer and proactive call
15600357,0.3782,Medium,0,cat__Gender_Male,num__IsActiveMember,num__BalanceSalaryRatio,Regular follow-up and general retention offer
15678910,0.2262,Medium,0,cat__Gender_Male,num__NumOfProducts,num__BalanceSalaryRatio,Regular follow-up and general retention offer
15711299,0.8257,Critical,0,num__Age,num__IsGermany,num__NumOfProducts,Age-specific offer and proactive call
15675431,0.0989,Low,0,cat__Gender_Male,num__IsActiveMember,num__TenureByAge,Regular follow-up and general retention offer
15576216,0.6787,High,1,num__IsGermany,num__NumOfProducts,num__IsActiveMember,Review pricing and service in Germany
15755196,0.8126,Critical,1,num__Age,num__IsActiveMember,num__NumOfProducts,Age-specific offer and proactive call
15789815,0.0945,Low,0,cat__Gender_Male,num__IsActiveMember,num__TenureByAge,Regular follow-up and general retention offer
15593683,0.1126,Low,0,cat__Gender_Male,num__IsActiveMember,cat__Geography_Spain,Regular follow-up and general retention offer
15806808,0.9951,Critical,1,num__NumOfProducts,num__Age,num__HighProductCount,Immediate review by Relationship Manager
15640377,0.1679,Low,0,cat__Gender_Male,num__IsActiveMember,num__ProductsPerTenure,Regular follow-up and general retention offer
15670343,0.0446,Low,0,num__IsActiveMember,cat__Geography_France,num__HasCrCard,Re-engagement campaign
15738448,0.2539,Medium,0,num__IsGermany,num__IsActiveMember,cat__Gender_Male,Review pricing and service in Germany
15571121,0.6398,High,0,num__Age,num__NumOfProducts,cat__Gender_Male,Age-specific offer and proactive call
15756425,0.2369,Medium,0,num__NumOfProducts,num__IsActiveMember,num__ProductsPerTenure,Regular follow-up and general retention offer
15733361,0.8673,Critical,1,num__Age,num__NumOfProducts,num__IsGermany,Age-specific offer and proactive call
15748597,0.5154,High,1,num__Age,num__NumOfProducts,cat__AgeGroup_51-60,Age-specific offer and proactive call
15574305,0.1895,Low,0,num__NumOfProducts,num__ZeroBalance,num__BalanceSalaryRatio,Regular follow-up and general retention offer
15804131,0.8235,Critical,1,num__Age,num__InactiveSenior,num__IsActiveMember,Age-specific offer and proactive call
15595153,0.6683,High,0,num__Age,num__IsGermany,cat__Gender_Male,Age-specific offer and proactive call
15582492,0.3662,Medium,0,num__NumOfProducts,num__IsActiveMember,cat__Gender_Male,Regular follow-up and general retention offer
15740878,0.0656,Low,0,cat__Gender_Male,cat__Geography_Spain,cat__Geography_France,Regular follow-up and general retention offer
15617705,0.4281,Medium,0,cat__Gender_Male,num__NumOfProducts,num__EstimatedSalary,Regular follow-up and general retention offer
15756848,0.5029,High,0,num__NumOfProducts,num__Balance,cat__AgeGroup_41-50,Regular follow-up and general retention offer
15748499,0.433,Medium,1,num__IsGermany,num__NumOfProducts,cat__Geography_Germany,Review pricing and service in Germany
15699492,0.5914,High,0,num__IsGermany,num__NumOfProducts,num__IsActiveMember,Review pricing and service in Germany
15578435,0.2766,Medium,0,num__NumOfProducts,num__ProductsPerTenure,num__ZeroBalance,Regular follow-up and general retention offer
15712536,0.1219,Low,1,cat__Gender_Male,num__IsActiveMember,num__CreditScore,Regular follow-up and general retention offer
15711062,0.2355,Medium,0,num__IsGermany,num__BalanceSalaryRatio,cat__Geography_Germany,Review pricing and service in Germany
15787459,0.4481,Medium,0,num__IsActiveMember,num__NumOfProducts,cat__Geography_France,Re-engagement campaign
15611287,0.0736,Low,0,cat__Gender_Male,num__HasCrCard,num__TenureByAge,Regular follow-up and general retention offer
15809901,0.0715,Low,0,num__IsActiveMember,num__TenureByAge,num__EstimatedSalary,Re-engagement campaign
15677217,0.2609,Medium,0,num__NumOfProducts,num__EstimatedSalary,num__Balance,Regular follow-up and general retention offer
15608387,0.0968,Low,0,cat__Gender_Male,num__IsActiveMember,num__TenureByAge,Regular follow-up and general retention offer
15651581,0.9422,Critical,1,num__InactiveSenior,num__Age,num__IsActiveMember,Re-engagement campaign
15696506,0.2753,Medium,0,num__NumOfProducts,num__IsActiveMember,cat__Geography_France,Regular follow-up and general retention offer
15609458,0.1669,Low,0,num__NumOfProducts,num__ProductsPerTenure,num__ZeroBalance,Regular follow-up and general retention offer
15639049,0.244,Medium,0,num__NumOfProducts,cat__Gender_Male,num__BalanceSalaryRatio,Regular follow-up and general retention offer
15640266,0.3336,Medium,0,num__NumOfProducts,cat__AgeGroup_41-50,num__ProductsPerTenure,Regular follow-up and general retention offer
15760641,0.3339,Medium,0,num__IsGermany,num__NumOfProducts,cat__Geography_Germany,Review pricing and service in Germany
15575399,0.4075,Medium,0,cat__Gender_Male,num__IsActiveMember,num__BalanceSalaryRatio,Regular follow-up and general retention offer
15581871,0.3178,Medium,0,num__IsGermany,num__BalanceSalaryRatio,num__Balance,Review pricing and service in Germany
15790204,0.4366,Medium,1,num__NumOfProducts,num__IsActiveMember,cat__Gender_Male,Regular follow-up and general retention offer
15771856,0.0922,Low,0,cat__Gender_Male,num__IsActiveMember,cat__Geography_France,Regular follow-up and general retention offer
15761763,0.2582,Medium,0,num__NumOfProducts,num__IsActiveMember,num__ProductsPerTenure,Regular follow-up and general retention offer
15698031,0.407,Medium,0,num__IsGermany,cat__Gender_Male,num__IsActiveMember,Review pricing and service in Germany
15789611,0.8568,Critical,1,num__Age,num__IsGermany,num__NumOfProducts,Age-specific offer and proactive call
15770711,0.4127,Medium,0,num__IsGermany,num__NumOfProducts,cat__Gender_Male,Review pricing and service in Germany
15791191,0.5249,High,0,num__Age,num__NumOfProducts,cat__AgeGroup_51-60,Age-specific offer and proactive call
15615931,0.1333,Low,0,cat__Gender_Male,num__EstimatedSalary,num__HasCrCard,Regular follow-up and general retention offer
15738627,0.0247,Low,0,cat__Geography_Spain,cat__CreditScoreBin_Fair,num__Tenure,Regular follow-up and general retention offer
15571476,0.3418,Medium,0,num__NumOfProducts,num__IsActiveMember,num__TenureByAge,Regular follow-up and general retention offer
15575486,0.0465,Low,0,cat__Gender_Male,num__CreditScore,cat__CreditScoreBin_Poor,Regular follow-up and general retention offer
15695168,0.0881,Low,0,num__IsActiveMember,num__CreditScore,cat__AgeGroup_18-30,Re-engagement campaign
15735221,0.2259,Medium,0,cat__Gender_Male,num__IsActiveMember,cat__AgeGroup_41-50,Regular follow-up and general retention offer
15664734,0.1394,Low,0,num__IsGermany,cat__Gender_Male,num__BalanceSalaryRatio,Review pricing and service in Germany
15700511,0.2944,Medium,0,num__IsGermany,num__BalanceSalaryRatio,cat__AgeGroup_41-50,Review pricing and service in Germany
15617252,0.3359,Medium,0,num__NumOfProducts,num__IsActiveMember,cat__Gender_Male,Regular follow-up and general retention offer
15703292,0.0822,Low,0,num__BalanceSalaryRatio,num__ZeroBalance,num__CreditScore,Regular follow-up and general retention offer
15761132,0.4936,High,0,num__Age,num__NumOfProducts,cat__AgeGroup_41-50,Age-specific offer and proactive call
15764170,0.7932,Critical,1,num__Age,num__IsGermany,num__NumOfProducts,Age-specific offer and proactive call
15770255,0.4889,High,0,num__NumOfProducts,num__IsGermany,num__IsActiveMember,Regular follow-up and general retention offer
15576706,0.4806,High,0,num__IsGermany,num__NumOfProducts,cat__Geography_Germany,Review pricing and service in Germany
15718765,0.6153,High,1,num__Age,num__IsActiveMember,num__NumOfProducts,Age-specific offer and proactive call
15631848,0.2573,Medium,0,cat__Gender_Male,num__NumOfProducts,num__EstimatedSalary,Regular follow-up and general retention offer
15624820,0.9737,Critical,1,num__NumOfProducts,num__Age,num__InactiveSenior,Immediate review by Relationship Manager
15802009,0.0717,Low,0,cat__Gender_Male,cat__AgeGroup_18-30,cat__Geography_Spain,Regular follow-up and general retention offer
15714567,0.1211,Low,0,cat__Gender_Male,num__IsActiveMember,num__EstimatedSalary,Regular follow-up and general retention offer
15713347,0.7819,Critical,0,num__Age,num__IsActiveMember,num__NumOfProducts,Age-specific offer and proactive call
15568904,0.384,Medium,0,num__IsGermany,num__NumOfProducts,cat__Geography_Germany,Review pricing and service in Germany
15681509,0.065,Low,0,cat__Gender_Male,cat__Geography_France,cat__Geography_Spain,Regular follow-up and general retention offer
15777923,0.3246,Medium,0,num__Age,cat__Gender_Male,cat__AgeGroup_41-50,Age-specific offer and proactive call
15759290,0.0448,Low,0,num__IsActiveMember,cat__Geography_France,cat__Geography_Spain,Re-engagement campaign
15807993,0.606,High,1,num__IsGermany,num__NumOfProducts,num__IsActiveMember,Review pricing and service in Germany
15568032,0.9483,Critical,0,num__NumOfProducts,num__HighProductCount,num__IsGermany,Immediate review by Relationship Manager
15789095,0.0361,Low,0,cat__Geography_France,num__HasCrCard,num__TenureByAge,Regular follow-up and general retention offer
15590177,0.5359,High,0,num__Age,cat__Gender_Male,num__NumOfProducts,Age-specific offer and proactive call
15782591,0.3031,Medium,0,num__IsActiveMember,num__NumOfProducts,num__ProductsPerTenure,Re-engagement campaign
15696539,0.1594,Low,0,num__NumOfProducts,cat__Gender_Male,num__ProductsPerTenure,Regular follow-up and general retention offer
15661903,0.7393,Critical,1,num__Age,num__NumOfProducts,num__IsActiveMember,Age-specific offer and proactive call
15645511,0.4042,Medium,1,num__Age,num__NumOfProducts,cat__AgeGroup_41-50,Age-specific offer and proactive call
15590320,0.0661,Low,0,num__Age,num__HasCrCard,num__TenureByAge,Age-specific offer and proactive call
15775116,0.0506,Low,0,num__IsActiveMember,num__TenureByAge,cat__AgeGroup_18-30,Re-engagement campaign
15716728,0.1746,Low,0,cat__Gender_Male,cat__AgeGroup_41-50,num__Age,Regular follow-up and general retention offer
15570931,0.9629,Critical,1,num__Age,num__InactiveSenior,num__NumOfProducts,Age-specific offer and proactive call
15784099,0.4865,High,0,num__IsActiveMember,num__NumOfProducts,cat__Gender_Male,Re-engagement campaign
15716276,0.3165,Medium,0,num__IsActiveMember,num__NumOfProducts,cat__Gender_Male,Re-engagement campaign
15757931,0.05,Low,0,num__IsActiveMember,num__TenureByAge,num__EstimatedSalary,Re-engagement campaign
15786078,0.0574,Low,0,cat__Gender_Male,num__IsActiveMember,num__EstimatedSalary,Regular follow-up and general retention offer
15613102,0.3418,Medium,1,num__NumOfProducts,cat__Gender_Male,num__EstimatedSalary,Regular follow-up and general retention offer
15711352,0.1308,Low,0,cat__Gender_Male,num__BalanceSalaryRatio,num__ZeroBalance,Regular follow-up and general retention offer
15771383,0.88,Critical,0,num__Age,num__NumOfProducts,num__IsGermany,Age-specific offer and proactive call
15801218,0.5694,High,1,num__Age,num__NumOfProducts,num__EstimatedSalary,Age-specific offer and proactive call
15730673,0.7137,Critical,0,num__IsGermany,num__NumOfProducts,num__IsActiveMember,Review pricing and service in Germany
15626795,0.6913,High,1,num__NumOfProducts,num__IsActiveMember,cat__Gender_Male,Regular follow-up and general retention offer
15705765,0.4071,Medium,0,num__Age,cat__Gender_Male,num__IsActiveMember,Age-specific offer and proactive call
15654067,0.1027,Low,0,cat__Gender_Male,num__IsActiveMember,cat__Geography_Spain,Regular follow-up and general retention offer
15644212,0.0903,Low,0,num__ProductsPerTenure,num__IsActiveMember,num__TenureByAge,Regular follow-up and general retention offer
15734311,0.0588,Low,0,cat__Gender_Male,num__TenureByAge,num__Tenure,Regular follow-up and general retention offer
15637644,0.0643,Low,0,cat__Gender_Male,num__HasCrCard,num__TenureByAge,Regular follow-up and general retention offer
15751336,0.0413,Low,0,cat__Geography_Spain,cat__Geography_France,num__CreditScore,Regular follow-up and general retention offer
15691808,0.5805,High,0,num__Age,num__IsActiveMember,num__NumOfProducts,Age-specific offer and proactive call
15626474,0.0753,Low,0,cat__Gender_Male,num__IsActiveMember,cat__CreditScoreBin_Fair,Regular follow-up and general retention offer
15602811,0.2353,Medium,0,num__ProductsPerTenure,num__IsGermany,num__IsActiveMember,Regular follow-up and general retention offer
15625944,0.5035,High,0,num__Age,num__NumOfProducts,cat__AgeGroup_51-60,Age-specific offer and proactive call
15566211,0.7843,Critical,1,num__IsGermany,num__NumOfProducts,num__IsActiveMember,Review pricing and service in Germany
15606076,0.6725,High,0,num__Age,num__IsGermany,num__NumOfProducts,Age-specific offer and proactive call
15614215,0.1978,Low,0,num__Age,cat__AgeGroup_51-60,num__HasCrCard,Age-specific offer and proactive call
15713479,0.0659,Low,0,num__IsActiveMember,cat__AgeGroup_18-30,num__TenureByAge,Re-engagement campaign
15796480,0.0783,Low,0,cat__Gender_Male,num__EstimatedSalary,num__TenureByAge,Regular follow-up and general retention offer
15704987,0.9407,Critical,0,num__Age,num__InactiveSenior,num__IsActiveMember,Age-specific offer and proactive call
15749328,0.4088,Medium,1,num__Age,cat__Gender_Male,num__IsActiveMember,Age-specific offer and proactive call
15808621,0.0851,Low,0,num__IsGermany,num__ZeroBalance,cat__Geography_Germany,Review pricing and service in Germany
15601627,0.2411,Medium,0,num__NumOfProducts,num__IsActiveMember,num__ProductsPerTenure,Regular follow-up and general retention offer
15665177,0.1459,Low,0,num__Age,cat__AgeGroup_41-50,num__CreditScore,Age-specific offer and proactive call
15747960,0.2959,Medium,0,num__NumOfProducts,num__Balance,num__BalanceSalaryRatio,Regular follow-up and general retention offer
15806546,0.827,Critical,0,num__Age,num__NumOfProducts,num__IsActiveMember,Age-specific offer and proactive call
15589715,0.9466,Critical,1,num__InactiveSenior,num__Age,num__IsActiveMember,Re-engagement campaign
15800049,0.6717,High,0,num__NumOfProducts,num__Age,cat__Gender_Male,Regular follow-up and general retention offer
15601030,0.5094,High,0,num__IsGermany,num__NumOfProducts,cat__Gender_Male,Review pricing and service in Germany
15702462,0.6354,High,1,num__Age,num__NumOfProducts,cat__Gender_Male,Age-specific offer and proactive call
15572374,0.0466,Low,0,num__HasCrCard,cat__Geography_Spain,cat__Geography_France,Regular follow-up and general retention offer
15766734,0.4472,Medium,0,num__NumOfProducts,num__IsActiveMember,num__Balance,Regular follow-up and general retention offer
15772329,0.8699,Critical,1,num__Age,num__IsGermany,num__NumOfProducts,Age-specific offer and proactive call
15692819,0.4967,High,0,num__IsGermany,num__NumOfProducts,num__IsActiveMember,Review pricing and service in Germany
15580249,0.8316,Critical,0,num__Age,num__NumOfProducts,num__IsActiveMember,Age-specific offer and proactive call
15798885,0.4258,Medium,0,num__Age,num__BalanceSalaryRatio,cat__AgeGroup_51-60,Age-specific offer and proactive call
15673223,0.1957,Low,0,num__Age,num__IsActiveMember,cat__AgeGroup_41-50,Age-specific offer and proactive call
15770995,0.9129,Critical,0,num__Age,num__IsGermany,num__NumOfProducts,Age-specific offer and proactive call
15720071,0.9003,Critical,1,num__Age,num__NumOfProducts,num__IsActiveMember,Age-specific offer and proactive call
15781589,0.2242,Medium,0,num__Age,num__EstimatedSalary,cat__AgeGroup_51-60,Age-specific offer and proactive call
15808182,0.3064,Medium,0,num__IsActiveMember,cat__Gender_Male,num__BalanceSalaryRatio,Re-engagement campaign
15743007,0.7771,Critical,1,num__Age,num__NumOfProducts,num__IsActiveMember,Age-specific offer and proactive call
15615797,0.7675,Critical,1,num__Age,num__IsGermany,num__NumOfProducts,Age-specific offer and proactive call
15661249,0.2041,Medium,0,num__Age,cat__AgeGroup_51-60,num__HasCrCard,Age-specific offer and proactive call
15809847,0.3766,Medium,0,num__Age,num__ProductsPerTenure,num__IsActiveMember,Age-specific offer and proactive call
15606436,0.0988,Low,0,num__IsActiveMember,num__EstimatedSalary,num__CreditScore,Re-engagement campaign
15699325,0.814,Critical,0,num__Age,num__IsGermany,num__NumOfProducts,Age-specific offer and proactive call
15761018,0.8449,Critical,1,num__Age,num__InactiveSenior,num__IsActiveMember,Age-specific offer and proactive call
15567335,0.1975,Low,0,cat__Gender_Male,num__EstimatedSalary,cat__AgeGroup_41-50,Regular follow-up and general retention offer
15711251,0.7749,Critical,0,num__Age,num__IsActiveMember,num__NumOfProducts,Age-specific offer and proactive call
15801863,0.1635,Low,0,cat__Gender_Male,num__BalanceSalaryRatio,num__ZeroBalance,Regular follow-up and general retention offer
15672912,0.3494,Medium,1,cat__Gender_Male,num__IsActiveMember,num__BalanceSalaryRatio,Regular follow-up and general retention offer
15707505,0.1623,Low,0,num__IsActiveMember,num__BalanceSalaryRatio,num__Balance,Re-engagement campaign
15778915,0.1863,Low,0,cat__Gender_Male,num__BalanceSalaryRatio,num__EstimatedSalary,Regular follow-up and general retention offer
15723064,0.1819,Low,0,num__BalanceSalaryRatio,num__IsActiveMember,cat__Geography_Spain,Regular follow-up and general retention offer
15594864,0.2964,Medium,0,num__IsGermany,num__NumOfProducts,cat__Geography_Germany,Review pricing and service in Germany
15679991,0.0835,Low,0,cat__Gender_Male,num__EstimatedSalary,num__CreditScore,Regular follow-up and general retention offer
15799128,0.3758,Medium,0,cat__Gender_Male,num__NumOfProducts,num__ProductsPerTenure,Regular follow-up and general retention offer
15685300,0.1714,Low,0,num__IsActiveMember,num__BalanceSalaryRatio,num__ZeroBalance,Re-engagement campaign
15813850,0.7038,Critical,0,num__Age,num__NumOfProducts,num__Balance,Age-specific offer and proactive call
15778049,0.5485,High,0,num__IsGermany,num__NumOfProducts,num__IsActiveMember,Review pricing and service in Germany
15811594,0.3054,Medium,0,num__NumOfProducts,cat__Gender_Male,num__EstimatedSalary,Regular follow-up and general retention offer
15593496,0.4533,High,0,num__IsActiveMember,num__NumOfProducts,cat__Gender_Male,Re-engagement campaign
15637829,0.0857,Low,0,cat__Gender_Male,num__EstimatedSalary,num__HasCrCard,Regular follow-up and general retention offer
15805260,0.9616,Critical,1,num__Age,num__InactiveSenior,num__IsActiveMember,Age-specific offer and proactive call
15566380,0.1249,Low,0,cat__Gender_Male,num__EstimatedSalary,num__ZeroBalance,Regular follow-up and general retention offer
15738148,0.9451,Critical,1,num__Age,num__InactiveSenior,num__IsActiveMember,Age-specific offer and proactive call
15638269,0.0815,Low,0,num__Age,num__CreditScore,num__HasCrCard,Age-specific offer and proactive call
15580956,0.7543,Critical,1,num__Age,num__IsGermany,num__NumOfProducts,Age-specific offer and proactive call
15567991,0.1426,Low,0,num__ProductsPerTenure,num__BalanceSalaryRatio,num__TenureByAge,Regular follow-up and general retention offer
15594340,0.4771,High,1,num__IsActiveMember,num__NumOfProducts,cat__AgeGroup_41-50,Re-engagement campaign
15805151,0.1507,Low,0,num__IsGermany,num__BalanceSalaryRatio,num__ZeroBalance,Review pricing and service in Germany
15684103,0.0695,Low,0,cat__Gender_Male,num__EstimatedSalary,cat__CreditScoreBin_Fair,Regular follow-up and general retention offer
15653521,0.5876,High,0,num__IsGermany,num__NumOfProducts,cat__Gender_Male,Review pricing and service in Germany
15599433,0.4181,Medium,0,num__NumOfProducts,num__IsGermany,cat__Geography_Germany,Regular follow-up and general retention offer
15628886,0.5323,High,1,num__Age,num__NumOfProducts,cat__AgeGroup_51-60,Age-specific offer and proactive call
15806447,0.1921,Low,0,num__IsGermany,num__ProductsPerTenure,num__BalanceSalaryRatio,Review pricing and service in Germany
15609987,0.4734,High,0,num__IsActiveMember,num__NumOfProducts,cat__AgeGroup_41-50,Re-engagement campaign
15664214,0.1412,Low,0,num__IsActiveMember,num__BalanceSalaryRatio,num__ZeroBalance,Re-engagement campaign
15592229,0.6801,High,1,num__Age,cat__Gender_Male,num__NumOfProducts,Age-specific offer and proactive call
15622182,0.2428,Medium,0,num__IsGermany,num__IsActiveMember,cat__Gender_Male,Review pricing and service in Germany
15703793,0.9983,Critical,1,num__NumOfProducts,num__Age,num__HighProductCount,Immediate review by Relationship Manager
15769246,0.9619,Critical,1,num__Age,num__InactiveSenior,num__IsActiveMember,Age-specific offer and proactive call
15724876,0.3695,Medium,0,cat__Gender_Male,num__NumOfProducts,num__CreditScore,Regular follow-up and general retention offer
15574206,0.1067,Low,0,cat__Gender_Male,cat__AgeGroup_18-30,cat__CreditScoreBin_Fair,Regular follow-up and general retention offer
15759244,0.4387,Medium,0,num__Age,num__IsGermany,num__BalanceSalaryRatio,Age-specific offer and proactive call
15569249,0.9673,Critical,1,num__NumOfProducts,num__Age,num__HighProductCount,Immediate review by Relationship Manager
15638149,0.4171,Medium,0,num__NumOfProducts,num__IsActiveMember,num__BalanceSalaryRatio,Regular follow-up and general retention offer
15591724,0.6838,High,0,num__Age,num__IsActiveMember,num__NumOfProducts,Age-specific offer and proactive call
15762110,0.0769,Low,0,num__ProductsPerTenure,num__TenureByAge,cat__AgeGroup_18-30,Regular follow-up and general retention offer
15707114,0.0314,Low,0,num__TenureByAge,num__HasCrCard,cat__Geography_Spain,Age-specific offer and proactive call
15689322,0.3384,Medium,0,num__NumOfProducts,num__IsActiveMember,cat__Geography_France,Regular follow-up and general retention offer
15632816,0.8662,Critical,0,num__Age,num__IsGermany,num__NumOfProducts,Age-specific offer and proactive call
15714080,0.4662,High,0,cat__Gender_Male,num__IsGermany,num__IsActiveMember,Regular follow-up and general retention offer
15646161,0.1195,Low,0,cat__Gender_Male,num__EstimatedSalary,cat__Geography_France,Regular follow-up and general retention offer
15649423,0.0992,Low,0,cat__Gender_Male,num__CreditScore,num__HasCrCard,Regular follow-up and general retention offer
15580805,0.0461,Low,0,num__IsActiveMember,num__Tenure,cat__AgeGroup_60+,Re-engagement campaign
15628170,0.4868,High,0,num__NumOfProducts,num__IsGermany,cat__Gender_Male,Regular follow-up and general retention offer
15600700,0.6952,High,0,num__Age,num__IsGermany,num__NumOfProducts,Age-specific offer and proactive call
15609176,0.0895,Low,0,cat__Gender_Male,num__EstimatedSalary,num__HasCrCard,Regular follow-up and general retention offer
15772009,0.6423,High,0,num__NumOfProducts,cat__Gender_Male,num__Balance,Regular follow-up and general retention offer
15684995,0.5474,High,0,num__Age,num__NumOfProducts,cat__AgeGroup_41-50,Age-specific offer and proactive call
15730448,0.2931,Medium,0,num__IsGermany,num__NumOfProducts,cat__Geography_Germany,Review pricing and service in Germany
15815070,0.65,High,0,num__Age,num__IsGermany,num__IsActiveMember,Age-specific offer and proactive call
15651713,0.7066,Critical,0,num__Age,num__IsActiveMember,num__NumOfProducts,Age-specific offer and proactive call
15692207,0.3236,Medium,0,num__Age,cat__Gender_Male,cat__AgeGroup_51-60,Age-specific offer and proactive call
15723488,0.7883,Critical,1,num__Age,num__IsGermany,num__NumOfProducts,Age-specific offer and proactive call
15611800,0.513,High,0,num__Age,cat__Gender_Male,num__BalanceSalaryRatio,Age-specific offer and proactive call
15757607,0.8274,Critical,1,num__Age,num__NumOfProducts,num__IsActiveMember,Age-specific offer and proactive call
15609299,0.2686,Medium,0,num__NumOfProducts,num__IsActiveMember,num__TenureByAge,Regular follow-up and general retention offer
15636767,0.3908,Medium,0,num__NumOfProducts,cat__Gender_Male,num__Balance,Regular follow-up and general retention offer
15720676,0.1531,Low,0,cat__Gender_Male,num__IsActiveMember,cat__CreditScoreBin_Fair,Regular follow-up and general retention offer
15672432,0.9668,Critical,1,num__Age,num__InactiveSenior,num__NumOfProducts,Age-specific offer and proactive call
15662908,0.2196,Medium,0,num__IsGermany,num__BalanceSalaryRatio,num__Balance,Review pricing and service in Germany
15694209,0.0796,Low,0,cat__Gender_Male,num__EstimatedSalary,num__CreditScore,Regular follow-up and general retention offer
15584091,0.3594,Medium,1,num__IsGermany,num__IsActiveMember,cat__Gender_Male,Review pricing and service in Germany
15699523,0.9278,Critical,0,num__Age,num__InactiveSenior,num__IsActiveMember,Age-specific offer and proactive call
15609510,0.4781,High,0,num__Age,num__NumOfProducts,cat__AgeGroup_41-50,Age-specific offer and proactive call
15793425,0.5014,High,0,num__NumOfProducts,cat__Gender_Male,num__EstimatedSalary,Regular follow-up and general retention offer
15598884,0.4055,Medium,0,num__NumOfProducts,num__EstimatedSalary,cat__Gender_Male,Regular follow-up and general retention offer
15594556,0.1985,Low,0,num__Age,cat__AgeGroup_51-60,num__CreditScore,Age-specific offer and proactive call
15640268,0.371,Medium,0,num__NumOfProducts,num__Balance,num__Age,Regular follow-up and general retention offer
15668472,0.3547,Medium,0,num__Balance,num__IsActiveMember,cat__Gender_Male,Regular follow-up and general retention offer
15658169,0.7021,Critical,0,num__Age,num__IsActiveMember,cat__Gender_Male,Age-specific offer and proactive call
15790379,0.3503,Medium,0,num__IsGermany,num__NumOfProducts,cat__Geography_Germany,Review pricing and service in Germany
15738166,0.4147,Medium,0,cat__Gender_Male,num__NumOfProducts,num__ProductsPerTenure,Regular follow-up and general retention offer
15661330,0.3873,Medium,0,num__NumOfProducts,num__Balance,num__BalanceSalaryRatio,Regular follow-up and general retention offer
15709412,0.0353,Low,0,cat__Geography_France,num__HasCrCard,cat__AgeGroup_60+,Regular follow-up and general retention offer
15629551,0.5413,High,0,num__Age,num__IsGermany,cat__Gender_Male,Age-specific offer and proactive call
15602812,0.5354,High,0,num__Age,num__IsGermany,cat__Gender_Male,Age-specific offer and proactive call
15724336,0.8982,Critical,0,num__Age,num__IsGermany,num__NumOfProducts,Age-specific offer and proactive call
15742442,0.6342,High,0,num__Age,cat__Gender_Male,num__NumOfProducts,Age-specific offer and proactive call
15742009,0.2155,Medium,0,num__Age,cat__AgeGroup_51-60,num__EstimatedSalary,Age-specific offer and proactive call
15572051,0.4217,Medium,0,num__NumOfProducts,num__Balance,num__BalanceSalaryRatio,Regular follow-up and general retention offer
15591509,0.1744,Low,0,num__IsActiveMember,num__BalanceSalaryRatio,num__ZeroBalance,Re-engagement campaign
15572956,0.1918,Low,0,num__NumOfProducts,num__ProductsPerTenure,num__ZeroBalance,Regular follow-up and general retention offer
15707132,0.0394,Low,0,num__HasCrCard,num__CreditScore,num__TenureByAge,Regular follow-up and general retention offer
15621457,0.1169,Low,0,num__IsActiveMember,num__BalanceSalaryRatio,num__ZeroBalance,Re-engagement campaign
15577423,0.7188,Critical,1,num__IsGermany,num__NumOfProducts,num__IsActiveMember,Review pricing and service in Germany
15659105,0.8141,Critical,0,num__Age,num__IsActiveMember,num__NumOfProducts,Age-specific offer and proactive call
15615670,0.2004,Medium,0,num__NumOfProducts,num__ProductsPerTenure,num__ZeroBalance,Regular follow-up and general retention offer
15573798,0.2778,Medium,0,cat__Gender_Male,num__IsActiveMember,num__BalanceSalaryRatio,Regular follow-up and general retention offer
15624186,0.4014,Medium,0,num__IsGermany,num__NumOfProducts,cat__Gender_Male,Review pricing and service in Germany
15569590,0.7095,Critical,1,num__IsGermany,num__NumOfProducts,num__IsActiveMember,Review pricing and service in Germany
15649430,0.0366,Low,0,num__TenureByAge,num__Tenure,cat__CreditScoreBin_Fair,Age-specific offer and proactive call
15655229,0.4179,Medium,0,num__IsGermany,num__NumOfProducts,cat__Gender_Male,Review pricing and service in Germany
15565714,0.4597,High,0,num__Age,num__BalanceSalaryRatio,num__TenureByAge,Age-specific offer and proactive call
15766787,0.0904,Low,0,cat__Gender_Male,cat__AgeGroup_18-30,cat__CreditScoreBin_Fair,Regular follow-up and general retention offer
15700424,0.4516,High,0,num__NumOfProducts,cat__Gender_Male,num__Balance,Regular follow-up and general retention offer
15795079,0.0816,Low,0,num__Age,num__CreditScore,cat__Geography_France,Age-specific offer and proactive call
15606855,0.0392,Low,0,num__EstimatedSalary,cat__Geography_France,cat__Geography_Spain,Regular follow-up and general retention offer
15767598,0.0377,Low,0,num__IsActiveMember,num__EstimatedSalary,cat__Geography_France,Re-engagement campaign
15759298,0.2121,Medium,0,num__NumOfProducts,cat__Geography_France,num__ProductsPerTenure,Regular follow-up and general retention offer
15687491,0.8505,Critical,1,num__Age,num__IsGermany,num__NumOfProducts,Age-specific offer and proactive call
15801351,0.1072,Low,0,num__IsActiveMember,num__CreditScore,num__TenureByAge,Re-engagement campaign
15566467,0.2799,Medium,0,num__IsGermany,cat__Gender_Male,num__ProductsPerTenure,Review pricing and service in Germany
15640667,0.2035,Medium,0,cat__Gender_Male,num__IsActiveMember,cat__AgeGroup_41-50,Regular follow-up and general retention offer
15766064,0.1347,Low,0,num__IsActiveMember,num__BalanceSalaryRatio,num__ZeroBalance,Re-engagement campaign
15599301,0.4271,Medium,0,num__IsGermany,num__NumOfProducts,cat__Gender_Male,Review pricing and service in Germany
15779059,0.2194,Medium,0,cat__Gender_Male,num__BalanceSalaryRatio,num__ZeroBalance,Regular follow-up and general retention offer
15616530,0.4816,High,1,num__Balance,num__IsActiveMember,num__NumOfProducts,Regular follow-up and general retention offer
15610781,0.2988,Medium,0,num__NumOfProducts,num__IsActiveMember,cat__Gender_Male,Regular follow-up and general retention offer
15622750,0.4567,High,0,num__IsGermany,num__NumOfProducts,num__IsActiveMember,Review pricing and service in Germany
15594898,0.6055,High,1,num__NumOfProducts,num__Age,num__Balance,Regular follow-up and general retention offer
15679307,0.7436,Critical,0,num__Age,num__NumOfProducts,cat__Gender_Male,Age-specific offer and proactive call
15569438,0.1735,Low,0,num__IsGermany,num__IsActiveMember,num__Balance,Review pricing and service in Germany
15589017,0.9943,Critical,1,num__NumOfProducts,num__Age,num__HighProductCount,Immediate review by Relationship Manager
15734626,0.097,Low,0,cat__Gender_Male,cat__Geography_Spain,cat__Geography_France,Regular follow-up and general retention offer
15753213,0.1095,Low,0,cat__Gender_Male,num__IsActiveMember,num__EstimatedSalary,Regular follow-up and general retention offer
15573851,0.9255,Critical,1,num__NumOfProducts,num__HighProductCount,num__ProductsPerTenure,Immediate review by Relationship Manager
15749019,0.4943,High,0,num__Age,num__IsGermany,num__BalanceSalaryRatio,Age-specific offer and proactive call
15664227,0.3152,Medium,0,num__NumOfProducts,num__IsGermany,cat__Geography_Germany,Regular follow-up and general retention offer
15709523,0.2592,Medium,0,num__ProductsPerTenure,num__IsGermany,cat__Gender_Male,Regular follow-up and general retention offer
15621546,0.2858,Medium,0,cat__Gender_Male,num__NumOfProducts,num__EstimatedSalary,Regular follow-up and general retention offer
15734987,0.5163,High,0,num__Age,cat__Gender_Male,num__IsActiveMember,Age-specific offer and proactive call
15653222,0.2419,Medium,0,num__IsGermany,cat__Gender_Male,num__BalanceSalaryRatio,Review pricing and service in Germany
15706021,0.1672,Low,0,cat__Gender_Male,num__IsActiveMember,num__BalanceSalaryRatio,Regular follow-up and general retention offer
15782311,0.0343,Low,0,num__CreditScore,cat__CreditScoreBin_Poor,num__Tenure,Regular follow-up and general retention offer
15697127,0.2467,Medium,0,num__NumOfProducts,cat__Gender_Male,num__CreditScore,Regular follow-up and general retention offer
15630328,0.5259,High,0,num__Age,cat__Gender_Male,num__BalanceSalaryRatio,Age-specific offer and proactive call
15672357,0.1037,Low,0,num__IsActiveMember,num__EstimatedSalary,cat__Geography_France,Re-engagement campaign
15759872,0.0504,Low,0,num__IsActiveMember,num__CreditScore,num__Tenure,Re-engagement campaign
15634373,0.0395,Low,0,num__HasCrCard,num__TenureByAge,cat__Geography_Spain,Regular follow-up and general retention offer
15625675,0.3396,Medium,0,num__NumOfProducts,num__IsActiveMember,cat__CreditScoreBin_Poor,Regular follow-up and general retention offer
15742369,0.0413,Low,0,cat__Geography_Spain,cat__Geography_France,num__TenureByAge,Regular follow-up and general retention offer
15583049,0.5276,High,0,num__IsGermany,num__NumOfProducts,cat__Gender_Male,Review pricing and service in Germany
15627848,0.2128,Medium,0,num__IsActiveMember,num__BalanceSalaryRatio,num__ZeroBalance,Re-engagement campaign
15615575,0.0325,Low,0,cat__AgeGroup_18-30,cat__CreditScoreBin_Fair,num__Tenure,Age-specific offer and proactive call
15692744,0.1885,Low,1,num__IsActiveMember,num__BalanceSalaryRatio,num__ZeroBalance,Re-engagement campaign
15596339,0.6672,High,0,num__Age,num__CreditScore,num__NumOfProducts,Age-specific offer and proactive call
15780654,0.2007,Medium,0,num__IsGermany,cat__Gender_Male,num__BalanceSalaryRatio,Review pricing and service in Germany
15698791,0.6798,High,0,num__Age,num__IsActiveMember,num__NumOfProducts,Age-specific offer and proactive call
15655590,0.3619,Medium,0,num__Age,num__IsActiveMember,cat__AgeGroup_41-50,Age-specific offer and proactive call
15669783,0.4828,High,1,num__Age,cat__Gender_Male,num__BalanceSalaryRatio,Age-specific offer and proactive call
15770091,0.1953,Low,0,num__IsGermany,num__BalanceSalaryRatio,num__IsActiveMember,Review pricing and service in Germany
15679249,0.9799,Critical,1,num__Age,num__InactiveSenior,num__CreditScore,Age-specific offer and proactive call
15712584,0.0667,Low,0,cat__Gender_Male,cat__AgeGroup_18-30,num__Tenure,Regular follow-up and general retention offer
15611318,0.3816,Medium,1,num__NumOfProducts,num__IsActiveMember,cat__Geography_France,Regular follow-up and general retention offer
15640686,0.67,High,1,num__Age,num__IsActiveMember,num__NumOfProducts,Age-specific offer and proactive call
15630466,0.8099,Critical,0,num__Age,num__NumOfProducts,num__IsActiveMember,Age-specific offer and proactive call
15809509,0.1519,Low,0,num__NumOfProducts,num__TenureByAge,num__ZeroBalance,Regular follow-up and general retention offer
15694829,0.4079,Medium,0,num__IsGermany,num__NumOfProducts,cat__Geography_Germany,Review pricing and service in Germany
15672983,0.269,Medium,0,cat__Gender_Male,num__IsActiveMember,num__BalanceSalaryRatio,Regular follow-up and general retention offer
15769216,0.7988,Critical,1,num__NumOfProducts,num__Age,num__IsActiveMember,Regular follow-up and general retention offer
15785488,0.1128,Low,0,cat__Gender_Male,cat__Geography_France,cat__AgeGroup_18-30,Regular follow-up and general retention offer
15731330,0.3913,Medium,0,cat__Gender_Male,num__NumOfProducts,num__ProductsPerTenure,Regular follow-up and general retention offer
15709511,0.2005,Medium,0,num__Age,num__IsActiveMember,cat__AgeGroup_41-50,Age-specific offer and proactive call
15725036,0.3433,Medium,0,num__NumOfProducts,cat__AgeGroup_41-50,num__Age,Regular follow-up and general retention offer
15728224,0.4539,High,1,num__IsGermany,num__IsActiveMember,cat__Gender_Male,Review pricing and service in Germany
15766172,0.2678,Medium,0,num__NumOfProducts,num__IsActiveMember,num__TenureByAge,Regular follow-up and general retention offer
15700937,0.0604,Low,0,cat__Gender_Male,cat__Geography_France,num__TenureByAge,Regular follow-up and general retention offer
15647890,0.2016,Medium,0,num__NumOfProducts,num__ProductsPerTenure,num__ZeroBalance,Regular follow-up and general retention offer
15571284,0.2174,Medium,0,num__IsGermany,num__ProductsPerTenure,num__BalanceSalaryRatio,Review pricing and service in Germany
15768342,0.9727,Critical,1,num__NumOfProducts,num__HighProductCount,num__Age,Immediate review by Relationship Manager
15581229,0.4299,Medium,0,num__IsGermany,num__NumOfProducts,cat__Gender_Male,Review pricing and service in Germany
15713853,0.3209,Medium,0,num__IsGermany,num__BalanceSalaryRatio,num__Balance,Review pricing and service in Germany
15595557,0.0509,Low,0,num__IsActiveMember,cat__CreditScoreBin_Fair,cat__Geography_Spain,Re-engagement campaign
15753969,0.5095,High,0,num__Age,num__NumOfProducts,cat__AgeGroup_41-50,Age-specific offer and proactive call
15708236,0.2228,Medium,0,num__CreditScore,cat__Gender_Male,num__NumOfProducts,Regular follow-up and general retention offer
15585362,0.9719,Critical,1,num__Age,num__InactiveSenior,num__NumOfProducts,Age-specific offer and proactive call
15616709,0.52,High,0,num__IsGermany,num__ProductsPerTenure,num__BalanceSalaryRatio,Review pricing and service in Germany
15770345,0.2662,Medium,0,cat__Gender_Male,num__NumOfProducts,cat__Geography_France,Regular follow-up and general retention offer
15732740,0.4149,Medium,0,num__Balance,num__NumOfProducts,cat__Gender_Male,Regular follow-up and general retention offer
15659656,0.3001,Medium,0,num__NumOfProducts,num__IsActiveMember,num__ZeroBalance,Regular follow-up and general retention offer
15758639,0.0821,Low,0,num__IsActiveMember,cat__AgeGroup_18-30,num__TenureByAge,Re-engagement campaign
15792328,0.4363,Medium,1,num__NumOfProducts,num__Balance,num__BalanceSalaryRatio,Regular follow-up and general retention offer
15728829,0.1946,Low,0,num__NumOfProducts,num__IsActiveMember,num__ProductsPerTenure,Regular follow-up and general retention offer
15655123,0.9758,Critical,1,num__NumOfProducts,num__HighProductCount,num__Age,Immediate review by Relationship Manager
15632256,0.2497,Medium,0,num__NumOfProducts,num__IsActiveMember,num__ProductsPerTenure,Regular follow-up and general retention offer
15809585,0.0833,Low,0,num__IsActiveMember,cat__AgeGroup_18-30,num__TenureByAge,Re-engagement campaign
15755825,0.092,Low,0,num__IsActiveMember,cat__AgeGroup_18-30,cat__AgeGroup_60+,Re-engagement campaign
15628308,0.0376,Low,0,cat__Gender_Male,cat__Geography_Spain,cat__CreditScoreBin_Fair,Regular follow-up and general retention offer
15733842,0.2626,Medium,0,num__NumOfProducts,num__IsActiveMember,cat__Gender_Male,Regular follow-up and general retention offer
15678572,0.2385,Medium,1,num__IsActiveMember,num__BalanceSalaryRatio,num__ZeroBalance,Re-engagement campaign
15757408,0.9755,Critical,1,num__NumOfProducts,num__HighProductCount,num__Balance,Immediate review by Relationship Manager
15576111,0.5863,High,0,num__IsGermany,num__NumOfProducts,num__IsActiveMember,Review pricing and service in Germany
15723013,0.0761,Low,0,num__IsGermany,num__EstimatedSalary,num__ZeroBalance,Review pricing and service in Germany
15671514,0.0745,Low,0,cat__Gender_Male,cat__Geography_Spain,cat__Geography_France,Regular follow-up and general retention offer
15680895,0.6682,High,0,num__NumOfProducts,num__IsActiveMember,cat__Gender_Male,Regular follow-up and general retention offer
15808223,0.3406,Medium,0,num__NumOfProducts,cat__AgeGroup_41-50,num__CreditScore,Regular follow-up and general retention offer
15737814,0.4666,High,1,num__NumOfProducts,num__IsActiveMember,cat__AgeGroup_41-50,Regular follow-up and general retention offer
15810826,0.0691,Low,0,num__IsActiveMember,num__CreditScore,cat__AgeGroup_18-30,Re-engagement campaign
15608726,0.0295,Low,0,num__Tenure,cat__AgeGroup_60+,cat__AgeGroup_31-40,Regular follow-up and general retention offer
15774630,0.8722,Critical,0,num__Age,num__IsGermany,num__NumOfProducts,Age-specific offer and proactive call
15811343,0.9533,Critical,0,num__NumOfProducts,num__HighProductCount,num__BalanceSalaryRatio,Immediate review by Relationship Manager
15692291,0.4891,High,1,cat__Gender_Male,num__IsActiveMember,num__BalanceSalaryRatio,Regular follow-up and general retention offer
15647203,0.6346,High,0,num__NumOfProducts,num__IsActiveMember,cat__Gender_Male,Regular follow-up and general retention offer
15730447,0.3737,Medium,0,num__Age,cat__Gender_Male,num__EstimatedSalary,Age-specific offer and proactive call
15625501,0.6341,High,1,num__IsGermany,num__NumOfProducts,num__IsActiveMember,Review pricing and service in Germany
15801293,0.0973,Low,0,num__IsGermany,num__BalanceSalaryRatio,num__ZeroBalance,Review pricing and service in Germany
15721740,0.8003,Critical,0,num__Age,num__NumOfProducts,num__IsGermany,Age-specific offer and proactive call
15612193,0.1335,Low,0,num__IsActiveMember,num__BalanceSalaryRatio,num__ZeroBalance,Re-engagement campaign
15722404,0.0664,Low,0,cat__Gender_Male,num__CreditScore,cat__CreditScoreBin_Poor,Regular follow-up and general retention offer
15668235,0.4903,High,0,num__NumOfProducts,cat__Gender_Male,num__EstimatedSalary,Regular follow-up and general retention offer
15669326,0.4236,Medium,0,num__Age,num__NumOfProducts,cat__AgeGroup_41-50,Age-specific offer and proactive call
15702464,0.1189,Low,0,cat__Gender_Male,num__IsActiveMember,num__EstimatedSalary,Regular follow-up and general retention offer
15796114,0.339,Medium,0,num__NumOfProducts,num__IsActiveMember,cat__Gender_Male,Regular follow-up and general retention offer
15714575,0.7713,Critical,1,num__Age,num__IsGermany,num__NumOfProducts,Age-specific offer and proactive call
15729908,0.6431,High,0,num__CreditScore,num__NumOfProducts,num__IsActiveMember,Regular follow-up and general retention offer
15750299,0.1927,Low,0,num__NumOfProducts,cat__Geography_France,num__ProductsPerTenure,Regular follow-up and general retention offer
15666252,0.0904,Low,0,cat__AgeGroup_41-50,num__Age,num__TenureByAge,Age-specific offer and proactive call
15710456,0.0778,Low,0,cat__Gender_Male,num__IsActiveMember,num__TenureByAge,Regular follow-up and general retention offer
15765266,0.0387,Low,0,num__IsActiveMember,cat__AgeGroup_18-30,num__HasCrCard,Re-engagement campaign
15611029,0.5946,High,0,num__IsGermany,num__NumOfProducts,num__IsActiveMember,Review pricing and service in Germany
15641860,0.2341,Medium,1,num__IsGermany,num__IsActiveMember,num__BalanceSalaryRatio,Review pricing and service in Germany
15604130,0.7887,Critical,0,num__Age,num__IsActiveMember,num__NumOfProducts,Age-specific offer and proactive call
15598275,0.0831,Low,0,cat__Gender_Male,num__EstimatedSalary,num__Tenure,Regular follow-up and general retention offer
15763093,0.3888,Medium,0,num__IsGermany,cat__Gender_Male,num__IsActiveMember,Review pricing and service in Germany
15609083,0.3998,Medium,1,num__NumOfProducts,num__IsActiveMember,cat__Gender_Male,Regular follow-up and general retention offer
15641490,0.1041,Low,0,num__IsActiveMember,num__IsGermany,num__BalanceSalaryRatio,Re-engagement campaign
15704629,0.2077,Medium,0,cat__Gender_Male,num__NumOfProducts,num__HasCrCard,Regular follow-up and general retention offer
15787318,0.9149,Critical,1,num__Age,num__IsGermany,num__NumOfProducts,Age-specific offer and proactive call
15730810,0.4322,Medium,0,num__Age,num__NumOfProducts,cat__AgeGroup_41-50,Age-specific offer and proactive call
15677739,0.0753,Low,0,num__IsActiveMember,cat__CreditScoreBin_Poor,num__CreditScore,Re-engagement campaign
15758831,0.3937,Medium,0,num__NumOfProducts,num__IsActiveMember,num__BalanceSalaryRatio,Regular follow-up and general retention offer
15631709,0.2497,Medium,0,cat__Gender_Male,num__IsActiveMember,num__BalanceSalaryRatio,Regular follow-up and general retention offer
15624781,0.1289,Low,0,cat__Gender_Male,num__BalanceSalaryRatio,num__ZeroBalance,Regular follow-up and general retention offer
15689661,0.0348,Low,0,num__HasCrCard,num__Tenure,cat__AgeGroup_60+,Regular follow-up and general retention offer
15566543,0.216,Medium,0,num__Age,num__IsActiveMember,cat__AgeGroup_41-50,Age-specific offer and proactive call
15792176,0.3951,Medium,0,cat__Gender_Male,num__NumOfProducts,num__TenureByAge,Regular follow-up and general retention offer
15661433,0.4483,Medium,0,num__NumOfProducts,num__IsActiveMember,num__Balance,Regular follow-up and general retention offer
15599268,0.0611,Low,0,num__IsActiveMember,cat__Geography_France,cat__Geography_Spain,Re-engagement campaign
15715667,0.0809,Low,0,cat__Gender_Male,num__IsActiveMember,num__EstimatedSalary,Regular follow-up and general retention offer
15666856,0.5905,High,0,num__Age,num__NumOfProducts,num__TenureByAge,Age-specific offer and proactive call
15802758,0.2928,Medium,1,num__IsGermany,num__IsActiveMember,cat__Gender_Male,Review pricing and service in Germany
15774098,0.2319,Medium,0,num__IsGermany,num__BalanceSalaryRatio,num__Balance,Review pricing and service in Germany
15644621,0.4971,High,0,num__IsGermany,cat__Gender_Male,num__IsActiveMember,Review pricing and service in Germany
15788659,0.1635,Low,0,num__Age,cat__AgeGroup_41-50,num__TenureByAge,Age-specific offer and proactive call
15732943,0.3695,Medium,1,num__NumOfProducts,num__IsActiveMember,cat__Geography_France,Regular follow-up and general retention offer
15752953,0.2566,Medium,0,num__Age,num__IsActiveMember,cat__AgeGroup_41-50,Age-specific offer and proactive call
15809872,0.27,Medium,0,num__NumOfProducts,num__IsActiveMember,num__TenureByAge,Regular follow-up and general retention offer
15680405,0.161,Low,0,num__BalanceSalaryRatio,num__ZeroBalance,cat__AgeGroup_18-30,Regular follow-up and general retention offer
15681075,0.8089,Critical,0,num__Age,num__NumOfProducts,cat__Gender_Male,Age-specific offer and proactive call
15806837,0.5207,High,0,num__NumOfProducts,num__IsActiveMember,num__Balance,Regular follow-up and general retention offer
15718673,0.2793,Medium,0,num__NumOfProducts,num__IsActiveMember,cat__Gender_Male,Regular follow-up and general retention offer
15654878,0.1534,Low,0,num__NumOfProducts,num__BalanceSalaryRatio,num__ProductsPerTenure,Regular follow-up and general retention offer
15700801,0.9587,Critical,1,num__NumOfProducts,num__HighProductCount,num__BalanceSalaryRatio,Immediate review by Relationship Manager
15671334,0.4481,Medium,0,num__NumOfProducts,num__IsActiveMember,num__Balance,Regular follow-up and general retention offer
15623730,0.2499,Medium,0,num__NumOfProducts,num__Balance,num__BalanceSalaryRatio,Regular follow-up and general retention offer
15665088,0.174,Low,0,cat__Gender_Male,num__Age,cat__AgeGroup_41-50,Regular follow-up and general retention offer
15735025,0.1676,Low,0,num__BalanceSalaryRatio,num__Balance,num__ZeroBalance,Regular follow-up and general retention offer
15602979,0.214,Medium,0,num__IsActiveMember,num__NumOfProducts,num__BalanceSalaryRatio,Re-engagement campaign
15754577,0.9602,Critical,1,num__Age,num__InactiveSenior,num__NumOfProducts,Age-specific offer and proactive call
15624180,0.9909,Critical,1,num__NumOfProducts,num__HighProductCount,num__BalanceSalaryRatio,Immediate review by Relationship Manager
15700383,0.1824,Low,0,cat__Gender_Male,num__BalanceSalaryRatio,num__ZeroBalance,Regular follow-up and general retention offer
15714832,0.5489,High,0,num__IsGermany,num__NumOfProducts,num__IsActiveMember,Review pricing and service in Germany
15801699,0.1332,Low,0,num__Age,cat__AgeGroup_41-50,num__CreditScore,Age-specific offer and proactive call
15597930,0.9267,Critical,1,num__Age,num__InactiveSenior,num__NumOfProducts,Age-specific offer and proactive call
15688563,0.2648,Medium,0,num__IsGermany,num__IsActiveMember,num__BalanceSalaryRatio,Review pricing and service in Germany
15690733,0.2607,Medium,1,num__Age,num__IsActiveMember,cat__AgeGroup_41-50,Age-specific offer and proactive call
15626507,0.2421,Medium,0,num__NumOfProducts,num__IsActiveMember,num__EstimatedSalary,Regular follow-up and general retention offer
15585855,0.4491,Medium,0,num__NumOfProducts,num__Balance,num__BalanceSalaryRatio,Regular follow-up and general retention offer
15599829,0.0913,Low,0,cat__Gender_Male,num__CreditScore,cat__AgeGroup_18-30,Regular follow-up and general retention offer
15579969,0.0633,Low,0,cat__Gender_Male,cat__AgeGroup_18-30,cat__CreditScoreBin_Fair,Regular follow-up and general retention offer
15714689,0.1994,Low,0,num__NumOfProducts,num__EstimatedSalary,cat__Geography_France,Regular follow-up and general retention offer
15795878,0.1629,Low,0,num__Age,cat__AgeGroup_41-50,num__CreditScore,Age-specific offer and proactive call
15810460,0.8359,Critical,1,num__NumOfProducts,num__HighProductCount,num__Age,Immediate review by Relationship Manager
15600781,0.2397,Medium,0,num__Balance,num__IsGermany,num__IsActiveMember,Regular follow-up and general retention offer
15796343,0.1996,Low,0,cat__Gender_Male,num__IsActiveMember,num__BalanceSalaryRatio,Regular follow-up and general retention offer
15659475,0.2058,Medium,0,cat__Gender_Male,num__IsActiveMember,num__BalanceSalaryRatio,Regular follow-up and general retention offer
15647207,0.0467,Low,0,num__IsActiveMember,num__Tenure,cat__AgeGroup_60+,Re-engagement campaign
15700813,0.2094,Medium,0,num__IsGermany,num__IsActiveMember,cat__Gender_Male,Review pricing and service in Germany
15566111,0.5496,High,0,num__NumOfProducts,num__IsActiveMember,num__Balance,Regular follow-up and general retention offer
15651983,0.667,High,1,num__Age,cat__Gender_Male,num__NumOfProducts,Age-specific offer and proactive call
15724663,0.1611,Low,0,cat__Gender_Male,num__IsActiveMember,num__EstimatedSalary,Regular follow-up and general retention offer
15786167,0.0265,Low,0,cat__Geography_France,cat__Geography_Spain,cat__AgeGroup_60+,Regular follow-up and general retention offer
15593250,0.0875,Low,0,cat__Gender_Male,num__IsActiveMember,num__TenureByAge,Regular follow-up and general retention offer
15600688,0.1611,Low,0,cat__Gender_Male,num__IsActiveMember,num__CreditScore,Regular follow-up and general retention offer
15631162,0.0383,Low,0,num__EstimatedSalary,num__HasCrCard,num__CreditScore,Regular follow-up and general retention offer
15811958,0.4787,High,0,num__Age,num__IsGermany,num__IsActiveMember,Age-specific offer and proactive call
15598751,0.9192,Critical,1,num__NumOfProducts,num__HighProductCount,num__Age,Immediate review by Relationship Manager
15607133,0.595,High,1,num__Age,cat__Gender_Male,num__TenureByAge,Age-specific offer and proactive call
15636105,0.1452,Low,0,num__Age,cat__Geography_France,num__Tenure,Age-specific offer and proactive call
15712568,0.4658,High,0,num__IsActiveMember,num__NumOfProducts,num__ProductsPerTenure,Re-engagement campaign
15801336,0.5905,High,1,num__IsGermany,num__NumOfProducts,cat__Gender_Male,Review pricing and service in Germany
15655339,0.3122,Medium,0,num__NumOfProducts,num__IsActiveMember,cat__CreditScoreBin_Poor,Regular follow-up and general retention offer
15791006,0.5882,High,0,num__NumOfProducts,num__IsGermany,num__IsActiveMember,Regular follow-up and general retention offer
15626882,0.2352,Medium,0,num__NumOfProducts,num__ProductsPerTenure,cat__Geography_France,Regular follow-up and general retention offer
15654211,0.299,Medium,0,num__NumOfProducts,cat__Gender_Male,num__Balance,Regular follow-up and general retention offer
15659305,0.3058,Medium,0,num__IsGermany,num__NumOfProducts,cat__Geography_Germany,Review pricing and service in Germany
15729836,0.063,Low,0,num__IsActiveMember,num__EstimatedSalary,cat__Geography_France,Re-engagement campaign
15659501,0.3589,Medium,0,cat__Gender_Male,num__NumOfProducts,num__ProductsPerTenure,Regular follow-up and general retention offer
15657637,0.8119,Critical,0,num__NumOfProducts,num__HighProductCount,cat__Gender_Male,Immediate review by Relationship Manager
15761340,0.0386,Low,0,num__TenureByAge,cat__CreditScoreBin_Poor,cat__CreditScoreBin_Fair,Age-specific offer and proactive call
15586870,0.2757,Medium,0,num__Balance,num__NumOfProducts,num__TenureByAge,Regular follow-up and general retention offer
15665327,0.1508,Low,0,num__Balance,num__IsActiveMember,num__BalanceSalaryRatio,Regular follow-up and general retention offer
15644796,0.097,Low,1,cat__Gender_Male,num__HasCrCard,cat__Geography_France,Regular follow-up and general retention offer
15572626,0.1445,Low,0,num__Age,cat__AgeGroup_41-50,num__CreditScore,Age-specific offer and proactive call
15728043,0.3977,Medium,0,num__IsGermany,num__IsActiveMember,cat__Gender_Male,Review pricing and service in Germany
15713596,0.6729,High,0,num__Age,cat__Gender_Male,num__NumOfProducts,Age-specific offer and proactive call
15684951,0.9132,Critical,1,num__Age,num__InactiveSenior,num__IsActiveMember,Age-specific offer and proactive call
15707242,0.1133,Low,0,num__IsActiveMember,cat__CreditScoreBin_Poor,num__CreditScore,Re-engagement campaign
15733777,0.7477,Critical,1,num__NumOfProducts,num__Age,num__IsActiveMember,Regular follow-up and general retention offer
15761286,0.4048,Medium,0,num__IsGermany,cat__Gender_Male,num__Age,Review pricing and service in Germany
15733904,0.2028,Medium,0,num__NumOfProducts,num__IsActiveMember,num__BalanceSalaryRatio,Regular follow-up and general retention offer
15643752,0.2393,Medium,0,num__IsActiveMember,num__NumOfProducts,num__BalanceSalaryRatio,Re-engagement campaign
15579994,0.1775,Low,0,num__NumOfProducts,num__CreditScore,num__ProductsPerTenure,Regular follow-up and general retention offer
15664523,0.3242,Medium,0,num__IsGermany,num__IsActiveMember,cat__Gender_Male,Review pricing and service in Germany
15585867,0.0519,Low,0,num__CreditScore,cat__Geography_Spain,num__HasCrCard,Regular follow-up and general retention offer
15743582,0.2037,Medium,0,num__NumOfProducts,cat__Gender_Male,num__ZeroBalance,Regular follow-up and general retention offer
15693683,0.0678,Low,0,num__IsGermany,num__EstimatedSalary,num__ZeroBalance,Review pricing and service in Germany
15590241,0.4769,High,1,cat__Gender_Male,num__IsActiveMember,num__NumOfProducts,Regular follow-up and general retention offer
15757559,0.779,Critical,1,num__Age,num__InactiveSenior,num__IsActiveMember,Age-specific offer and proactive call
15719856,0.6508,High,0,num__Age,num__NumOfProducts,cat__Gender_Male,Age-specific offer and proactive call
15600997,0.1903,Low,0,num__IsGermany,cat__Gender_Male,num__BalanceSalaryRatio,Review pricing and service in Germany
15633108,0.234,Medium,0,num__NumOfProducts,num__IsActiveMember,num__TenureByAge,Regular follow-up and general retention offer
15773456,0.1812,Low,0,num__IsGermany,num__BalanceSalaryRatio,num__Balance,Review pricing and service in Germany
15702566,0.2355,Medium,0,num__NumOfProducts,num__EstimatedSalary,cat__Geography_France,Regular follow-up and general retention offer
15571873,0.1566,Low,0,num__NumOfProducts,num__ProductsPerTenure,num__BalanceSalaryRatio,Regular follow-up and general retention offer
15641250,0.5039,High,0,num__IsActiveMember,num__NumOfProducts,num__Balance,Re-engagement campaign
15734008,0.951,Critical,1,num__Age,num__InactiveSenior,num__IsActiveMember,Age-specific offer and proactive call
15692664,0.6906,High,0,num__Age,cat__Gender_Male,num__NumOfProducts,Age-specific offer and proactive call
15724145,0.3805,Medium,0,num__IsGermany,num__NumOfProducts,num__IsActiveMember,Review pricing and service in Germany
15574169,0.591,High,0,num__IsGermany,num__NumOfProducts,num__IsActiveMember,Review pricing and service in Germany
15748854,0.6111,High,0,num__IsGermany,num__NumOfProducts,num__IsActiveMember,Review pricing and service in Germany
15661526,0.3062,Medium,0,num__IsGermany,num__IsActiveMember,num__BalanceSalaryRatio,Review pricing and service in Germany
15724127,0.1883,Low,0,num__IsActiveMember,cat__Gender_Male,num__BalanceSalaryRatio,Re-engagement campaign
15607988,0.6681,High,0,num__IsGermany,num__NumOfProducts,num__IsActiveMember,Review pricing and service in Germany
15661409,0.6674,High,1,num__NumOfProducts,num__Balance,cat__Gender_Male,Regular follow-up and general retention offer
15621768,0.6734,High,0,num__Age,num__IsActiveMember,num__NumOfProducts,Age-specific offer and proactive call
15712608,0.3522,Medium,0,num__IsGermany,cat__Gender_Male,num__BalanceSalaryRatio,Review pricing and service in Germany
15719793,0.1572,Low,0,num__Age,num__EstimatedSalary,num__TenureByAge,Age-specific offer and proactive call
15713578,0.3285,Medium,0,num__Age,cat__Gender_Male,cat__AgeGroup_41-50,Age-specific offer and proactive call
15572728,0.3469,Medium,0,num__IsActiveMember,num__NumOfProducts,cat__Geography_France,Re-engagement campaign
15621653,0.2705,Medium,0,num__NumOfProducts,cat__Gender_Male,num__EstimatedSalary,Regular follow-up and general retention offer
15631512,0.2537,Medium,0,num__NumOfProducts,num__IsActiveMember,cat__Gender_Male,Regular follow-up and general retention offer
15654851,0.4098,Medium,0,num__Age,num__NumOfProducts,cat__AgeGroup_41-50,Age-specific offer and proactive call
15733247,0.3534,Medium,1,num__NumOfProducts,num__IsActiveMember,num__Balance,Regular follow-up and general retention offer
15638003,0.6524,High,0,num__Age,num__NumOfProducts,num__EstimatedSalary,Age-specific offer and proactive call
15657540,0.7921,Critical,0,num__Age,num__InactiveSenior,num__IsActiveMember,Age-specific offer and proactive call
15720284,0.7286,Critical,0,num__IsGermany,num__NumOfProducts,num__IsActiveMember,Review pricing and service in Germany
15581551,0.2909,Medium,0,num__NumOfProducts,cat__AgeGroup_41-50,num__ProductsPerTenure,Regular follow-up and general retention offer
15775627,0.0433,Low,0,num__CreditScore,num__HasCrCard,cat__CreditScoreBin_Poor,Regular follow-up and general retention offer
15715079,0.5076,High,0,num__IsActiveMember,num__NumOfProducts,cat__AgeGroup_41-50,Re-engagement campaign
15592761,0.1057,Low,0,num__IsActiveMember,num__TenureByAge,cat__CreditScoreBin_Fair,Re-engagement campaign
15589475,0.9053,Critical,1,num__NumOfProducts,num__HighProductCount,cat__Gender_Male,Immediate review by Relationship Manager
15809826,0.7448,Critical,1,num__Age,num__IsActiveMember,num__NumOfProducts,Age-specific offer and proactive call
15721469,0.5954,High,0,num__Age,num__IsGermany,num__IsActiveMember,Age-specific offer and proactive call
15644882,0.533,High,0,num__NumOfProducts,num__IsGermany,cat__Gender_Male,Regular follow-up and general retention offer
15775234,0.0511,Low,0,num__IsActiveMember,num__CreditScore,num__HasCrCard,Re-engagement campaign
15575119,0.0659,Low,1,num__Age,cat__AgeGroup_18-30,num__Tenure,Age-specific offer and proactive call
15731026,0.3981,Medium,0,num__IsGermany,num__IsActiveMember,cat__Gender_Male,Review pricing and service in Germany
15692408,0.0999,Low,0,cat__Gender_Male,num__CreditScore,cat__Geography_Spain,Regular follow-up and general retention offer
15685243,0.2001,Medium,0,num__Age,cat__Gender_Male,num__HasCrCard,Age-specific offer and proactive call
15815626,0.2723,Medium,1,num__Age,num__BalanceSalaryRatio,num__ZeroBalance,Age-specific offer and proactive call
15719579,0.1382,Low,0,cat__Gender_Male,num__IsGermany,num__EstimatedSalary,Regular follow-up and general retention offer
15622443,0.0397,Low,0,num__CreditScore,num__HasCrCard,cat__AgeGroup_18-30,Regular follow-up and general retention offer
15734365,0.0639,Low,0,num__CreditScore,num__HasCrCard,cat__CreditScoreBin_Poor,Regular follow-up and general retention offer
15665695,0.3524,Medium,0,num__Age,cat__Gender_Male,cat__AgeGroup_41-50,Age-specific offer and proactive call
15665110,0.1565,Low,0,num__NumOfProducts,cat__Gender_Male,num__CreditScore,Regular follow-up and general retention offer
15773779,0.6023,High,0,num__Age,num__NumOfProducts,cat__Gender_Male,Age-specific offer and proactive call
15626141,0.1094,Low,0,cat__Gender_Male,num__BalanceSalaryRatio,num__ZeroBalance,Regular follow-up and general retention offer
15773447,0.3923,Medium,0,num__NumOfProducts,num__IsActiveMember,num__Balance,Regular follow-up and general retention offer
15762134,0.5239,High,0,num__Age,num__IsGermany,num__BalanceSalaryRatio,Age-specific offer and proactive call
15780088,0.3593,Medium,0,num__NumOfProducts,num__IsActiveMember,num__EstimatedSalary,Regular follow-up and general retention offer
15803479,0.162,Low,0,cat__Gender_Male,num__TenureByAge,num__Age,Regular follow-up and general retention offer
15717700,0.1237,Low,0,num__BalanceSalaryRatio,num__Balance,num__ZeroBalance,Regular follow-up and general retention offer
15633574,0.5621,High,0,num__IsActiveMember,num__NumOfProducts,cat__Gender_Male,Re-engagement campaign
15776051,0.2803,Medium,0,num__Age,cat__Gender_Male,cat__AgeGroup_41-50,Age-specific offer and proactive call
15574858,0.0629,Low,0,num__CreditScore,cat__CreditScoreBin_Poor,num__EstimatedSalary,Regular follow-up and general retention offer
15612139,0.2567,Medium,1,num__NumOfProducts,cat__Gender_Male,num__BalanceSalaryRatio,Regular follow-up and general retention offer
15632263,0.3348,Medium,0,num__IsActiveMember,num__NumOfProducts,cat__Geography_France,Re-engagement campaign
15638513,0.3703,Medium,0,num__IsActiveMember,cat__Gender_Male,num__BalanceSalaryRatio,Re-engagement campaign
15677377,0.0552,Low,0,num__CreditScore,cat__CreditScoreBin_Poor,cat__Geography_France,Regular follow-up and general retention offer
15628600,0.9371,Critical,0,num__NumOfProducts,num__HighProductCount,num__IsGermany,Immediate review by Relationship Manager
15778157,0.1263,Low,0,num__IsActiveMember,num__BalanceSalaryRatio,cat__Geography_Spain,Re-engagement campaign
15631451,0.0762,Low,0,cat__Gender_Male,cat__Geography_Spain,num__CreditScore,Regular follow-up and general retention offer
15744041,0.3028,Medium,0,num__IsActiveMember,num__NumOfProducts,cat__Gender_Male,Re-engagement campaign
15770548,0.6133,High,0,num__IsGermany,num__NumOfProducts,num__IsActiveMember,Review pricing and service in Germany
15809178,0.804,Critical,1,num__IsGermany,num__NumOfProducts,num__IsActiveMember,Review pricing and service in Germany
15603378,0.2744,Medium,0,num__NumOfProducts,cat__Gender_Male,num__HasCrCard,Regular follow-up and general retention offer
15642544,0.0387,Low,0,num__HasCrCard,num__TenureByAge,cat__AgeGroup_18-30,Regular follow-up and general retention offer
15735636,0.6548,High,1,num__Age,cat__Gender_Male,num__NumOfProducts,Age-specific offer and proactive call
15683521,0.3078,Medium,0,num__IsGermany,num__ProductsPerTenure,num__IsActiveMember,Review pricing and service in Germany
15647725,0.9861,Critical,1,num__NumOfProducts,num__Age,num__InactiveSenior,Immediate review by Relationship Manager
15735522,0.3113,Medium,0,num__IsGermany,num__IsActiveMember,num__BalanceSalaryRatio,Review pricing and service in Germany
15635125,0.3095,Medium,0,num__Age,num__BalanceSalaryRatio,num__Balance,Age-specific offer and proactive call
15696054,0.4125,Medium,0,num__NumOfProducts,num__Balance,num__BalanceSalaryRatio,Regular follow-up and general retention offer
15786249,0.0596,Low,0,num__IsActiveMember,num__EstimatedSalary,cat__Geography_Spain,Re-engagement campaign
15642655,0.4249,Medium,0,num__NumOfProducts,num__IsActiveMember,num__Balance,Regular follow-up and general retention offer
15634551,0.9916,Critical,1,num__NumOfProducts,num__HighProductCount,num__Age,Immediate review by Relationship Manager
15756056,0.1114,Low,0,cat__Gender_Male,num__IsActiveMember,num__EstimatedSalary,Regular follow-up and general retention offer
15713094,0.0407,Low,0,cat__Gender_Male,num__Tenure,cat__AgeGroup_60+,Regular follow-up and general retention offer
15645593,0.5707,High,0,num__NumOfProducts,num__IsActiveMember,cat__Gender_Male,Regular follow-up and general retention offer
15708003,0.5044,High,0,num__NumOfProducts,num__IsActiveMember,cat__AgeGroup_41-50,Regular follow-up and general retention offer
15749583,0.9773,Critical,1,num__NumOfProducts,num__HighProductCount,num__BalanceSalaryRatio,Immediate review by Relationship Manager
15748327,0.2291,Medium,0,num__IsGermany,num__IsActiveMember,num__BalanceSalaryRatio,Review pricing and service in Germany
15656707,0.193,Low,0,num__NumOfProducts,num__EstimatedSalary,cat__Geography_France,Regular follow-up and general retention offer
15700223,0.5595,High,0,num__Age,num__NumOfProducts,cat__AgeGroup_41-50,Age-specific offer and proactive call
15765952,0.2796,Medium,0,num__NumOfProducts,num__IsActiveMember,num__EstimatedSalary,Regular follow-up and general retention offer
15764409,0.2286,Medium,0,num__NumOfProducts,num__ProductsPerTenure,num__CreditScore,Regular follow-up and general retention offer
15715888,0.3467,Medium,0,num__NumOfProducts,cat__Gender_Male,num__CreditScore,Regular follow-up and general retention offer
15594815,0.2072,Medium,0,num__NumOfProducts,num__BalanceSalaryRatio,num__ZeroBalance,Regular follow-up and general retention offer
15712199,0.5531,High,0,num__Age,cat__Gender_Male,num__IsGermany,Age-specific offer and proactive call
15801152,0.3695,Medium,0,cat__Gender_Male,num__IsActiveMember,num__BalanceSalaryRatio,Regular follow-up and general retention offer
15781272,0.9687,Critical,1,num__NumOfProducts,num__HighProductCount,num__Age,Immediate review by Relationship Manager
15700046,0.2289,Medium,0,num__IsActiveMember,cat__AgeGroup_41-50,num__ZeroBalance,Re-engagement campaign
15725002,0.0868,Low,0,num__IsActiveMember,cat__CreditScoreBin_Fair,cat__AgeGroup_18-30,Re-engagement campaign
15639576,0.227,Medium,0,num__NumOfProducts,num__IsActiveMember,num__ProductsPerTenure,Regular follow-up and general retention offer
15717935,0.0497,Low,0,cat__Gender_Male,num__HasCrCard,num__CreditScore,Regular follow-up and general retention offer
15757541,0.2453,Medium,1,cat__Gender_Male,num__IsActiveMember,num__EstimatedSalary,Regular follow-up and general retention offer
15683375,0.3736,Medium,0,num__NumOfProducts,cat__Gender_Male,num__Balance,Regular follow-up and general retention offer
15759436,0.9794,Critical,1,num__NumOfProducts,num__HighProductCount,num__Age,Immediate review by Relationship Manager
15734714,0.3261,Medium,0,num__NumOfProducts,num__IsActiveMember,cat__Gender_Male,Regular follow-up and general retention offer
15579189,0.1646,Low,0,cat__Gender_Male,cat__AgeGroup_41-50,num__Age,Regular follow-up and general retention offer
15791674,0.1294,Low,1,cat__Gender_Male,num__BalanceSalaryRatio,num__ZeroBalance,Regular follow-up and general retention offer
15672610,0.4687,High,0,num__IsActiveMember,num__NumOfProducts,cat__Geography_France,Re-engagement campaign
15576313,0.7345,Critical,0,num__NumOfProducts,num__IsGermany,num__IsActiveMember,Regular follow-up and general retention offer
15692142,0.8526,Critical,1,num__Age,num__IsGermany,num__NumOfProducts,Age-specific offer and proactive call
15706534,0.7998,Critical,1,num__Age,num__IsActiveMember,num__NumOfProducts,Age-specific offer and proactive call
15691104,0.4499,Medium,1,num__IsGermany,num__IsActiveMember,cat__Gender_Male,Review pricing and service in Germany
15580462,0.3261,Medium,0,num__NumOfProducts,num__BalanceSalaryRatio,num__CreditScore,Regular follow-up and general retention offer
15660688,0.1728,Low,0,cat__Gender_Male,num__IsActiveMember,num__EstimatedSalary,Regular follow-up and general retention offer
15591552,0.3518,Medium,0,num__NumOfProducts,num__IsActiveMember,cat__Gender_Male,Regular follow-up and general retention offer
15647295,0.0839,Low,0,num__CreditScore,num__IsActiveMember,cat__CreditScoreBin_Poor,Regular follow-up and general retention offer
15795747,0.3825,Medium,0,cat__Gender_Male,num__NumOfProducts,num__ProductsPerTenure,Regular follow-up and general retention offer
15663808,0.5631,High,0,num__Age,num__IsGermany,cat__Gender_Male,Age-specific offer and proactive call
15703264,0.59,High,0,num__Age,num__IsActiveMember,num__NumOfProducts,Age-specific offer and proactive call
15626452,0.0356,Low,0,cat__Geography_France,cat__Geography_Spain,num__TenureByAge,Regular follow-up and general retention offer
15769389,0.7311,Critical,0,num__IsGermany,num__NumOfProducts,num__IsActiveMember,Review pricing and service in Germany
15761854,0.2959,Medium,0,num__NumOfProducts,cat__Gender_Male,num__Balance,Regular follow-up and general retention offer
15775756,0.5244,High,0,num__IsGermany,num__NumOfProducts,num__IsActiveMember,Review pricing and service in Germany
15764922,0.3837,Medium,0,num__Balance,num__NumOfProducts,num__IsActiveMember,Regular follow-up and general retention offer
15572022,0.4777,High,0,num__NumOfProducts,cat__Gender_Male,num__Balance,Regular follow-up and general retention offer
15773972,0.8885,Critical,1,num__Age,num__InactiveSenior,num__IsActiveMember,Age-specific offer and proactive call
15796993,0.8762,Critical,1,num__Age,num__InactiveSenior,num__IsActiveMember,Age-specific offer and proactive call
15727857,0.113,Low,0,num__IsActiveMember,cat__AgeGroup_41-50,cat__Geography_France,Re-engagement campaign
15802207,0.4332,Medium,0,num__Age,num__IsGermany,num__BalanceSalaryRatio,Age-specific offer and proactive call
15662574,0.3644,Medium,0,num__NumOfProducts,num__IsActiveMember,cat__Geography_France,Regular follow-up and general retention offer
15758606,0.7161,Critical,1,num__Age,num__NumOfProducts,num__Balance,Age-specific offer and proactive call
15734312,0.1315,Low,0,num__Age,cat__AgeGroup_41-50,num__CreditScore,Age-specific offer and proactive call
15605284,0.027,Low,0,cat__CreditScoreBin_Fair,cat__AgeGroup_60+,cat__AgeGroup_31-40,Regular follow-up and general retention offer
15702442,0.6141,High,0,num__Age,num__IsGermany,cat__Gender_Male,Age-specific offer and proactive call
15680855,0.1754,Low,0,num__NumOfProducts,num__TenureByAge,num__HasCrCard,Regular follow-up and general retention offer
15737977,0.0543,Low,0,cat__Gender_Male,num__CreditScore,num__HasCrCard,Regular follow-up and general retention offer
15731267,0.3487,Medium,0,num__IsActiveMember,num__NumOfProducts,num__ZeroBalance,Re-engagement campaign
15682489,0.0487,Low,0,num__IsActiveMember,num__EstimatedSalary,num__Tenure,Re-engagement campaign
15673619,0.2278,Medium,0,num__NumOfProducts,num__IsActiveMember,num__ProductsPerTenure,Regular follow-up and general retention offer
15568849,0.3132,Medium,0,cat__Gender_Male,num__NumOfProducts,cat__Geography_France,Regular follow-up and general retention offer
15749123,0.681,High,0,num__Age,num__IsActiveMember,num__NumOfProducts,Age-specific offer and proactive call
15712551,0.9698,Critical,1,num__Age,num__InactiveSenior,num__IsActiveMember,Age-specific offer and proactive call
15654870,0.263,Medium,0,num__Age,cat__Gender_Male,cat__AgeGroup_41-50,Age-specific offer and proactive call
15694125,0.1943,Low,0,num__Age,cat__AgeGroup_51-60,num__TenureByAge,Age-specific offer and proactive call
15670866,0.034,Low,0,num__TenureByAge,cat__AgeGroup_18-30,num__Tenure,Age-specific offer and proactive call
15742229,0.5359,High,0,num__Age,num__NumOfProducts,cat__AgeGroup_51-60,Age-specific offer and proactive call
15720354,0.0861,Low,0,num__Age,num__EstimatedSalary,num__CreditScore,Age-specific offer and proactive call
15628863,0.2348,Medium,0,num__NumOfProducts,num__CreditScore,num__ZeroBalance,Regular follow-up and general retention offer
15655082,0.9843,Critical,1,num__NumOfProducts,num__Age,num__HighProductCount,Immediate review by Relationship Manager
15663885,0.3003,Medium,0,num__NumOfProducts,num__Balance,num__BalanceSalaryRatio,Regular follow-up and general retention offer
15728474,0.3787,Medium,0,num__IsGermany,num__NumOfProducts,cat__Geography_Germany,Review pricing and service in Germany
15732643,0.7838,Critical,1,num__Age,num__CreditScore,num__NumOfProducts,Age-specific offer and proactive call
15578546,0.315,Medium,0,num__IsGermany,num__NumOfProducts,cat__Geography_Germany,Review pricing and service in Germany
15751491,0.9178,Critical,1,num__Age,num__InactiveSenior,num__IsGermany,Age-specific offer and proactive call
15638487,0.5499,High,0,num__IsGermany,num__NumOfProducts,cat__Geography_Germany,Review pricing and service in Germany
15579566,0.6808,High,1,num__Age,num__IsActiveMember,num__NumOfProducts,Age-specific offer and proactive call
15656901,0.1772,Low,0,num__Age,cat__AgeGroup_51-60,num__CreditScore,Age-specific offer and proactive call
15758856,0.2443,Medium,0,num__Age,num__IsActiveMember,cat__AgeGroup_41-50,Age-specific offer and proactive call
15585222,0.0954,Low,0,num__EstimatedSalary,cat__AgeGroup_41-50,num__CreditScore,Regular follow-up and general retention offer
15674868,0.2225,Medium,0,num__ProductsPerTenure,num__EstimatedSalary,cat__Gender_Male,Regular follow-up and general retention offer
15806256,0.757,Critical,1,num__Age,num__IsActiveMember,num__NumOfProducts,Age-specific offer and proactive call
15612350,0.516,High,1,num__NumOfProducts,num__IsActiveMember,cat__Gender_Male,Regular follow-up and general retention offer
15730038,0.4974,High,1,num__NumOfProducts,num__IsActiveMember,cat__Gender_Male,Regular follow-up and general retention offer
15659325,0.0589,Low,0,cat__Geography_France,num__EstimatedSalary,cat__AgeGroup_18-30,Regular follow-up and general retention offer
15659364,0.3573,Medium,0,num__IsActiveMember,num__NumOfProducts,cat__Geography_France,Re-engagement campaign
15804610,0.1778,Low,0,cat__Gender_Male,cat__AgeGroup_41-50,num__TenureByAge,Regular follow-up and general retention offer
15607713,0.0358,Low,0,cat__Gender_Male,num__EstimatedSalary,cat__Geography_France,Regular follow-up and general retention offer
15670496,0.0783,Low,0,cat__Gender_Male,num__IsActiveMember,cat__Geography_Spain,Regular follow-up and general retention offer
15665521,0.1246,Low,0,num__IsGermany,num__BalanceSalaryRatio,num__Balance,Review pricing and service in Germany
15673984,0.661,High,1,num__NumOfProducts,cat__Gender_Male,num__IsActiveMember,Regular follow-up and general retention offer
15620735,0.3122,Medium,0,num__IsGermany,num__IsActiveMember,cat__Gender_Male,Review pricing and service in Germany
15793049,0.9277,Critical,1,num__Age,num__IsGermany,num__NumOfProducts,Age-specific offer and proactive call
15625740,0.4845,High,0,num__Age,num__IsGermany,num__BalanceSalaryRatio,Age-specific offer and proactive call
15751131,0.4658,High,0,cat__Gender_Male,num__NumOfProducts,cat__AgeGroup_41-50,Regular follow-up and general retention offer
15777893,0.2091,Medium,0,num__Age,num__IsActiveMember,cat__AgeGroup_41-50,Age-specific offer and proactive call
15601550,0.229,Medium,0,num__NumOfProducts,cat__Geography_France,num__CreditScore,Regular follow-up and general retention offer
15800583,0.8032,Critical,0,num__NumOfProducts,num__Age,num__IsActiveMember,Regular follow-up and general retention offer
15640418,0.8017,Critical,0,num__IsGermany,num__NumOfProducts,num__IsActiveMember,Review pricing and service in Germany
15614420,0.3073,Medium,0,num__IsGermany,cat__Gender_Male,num__ProductsPerTenure,Review pricing and service in Germany
15784923,0.5556,High,1,num__IsGermany,num__NumOfProducts,cat__Gender_Male,Review pricing and service in Germany
15762198,0.1583,Low,0,num__NumOfProducts,num__ProductsPerTenure,num__TenureByAge,Regular follow-up and general retention offer
15794413,0.0793,Low,0,num__ProductsPerTenure,num__CreditScore,num__TenureByAge,Regular follow-up and general retention offer
15700476,0.3439,Medium,0,num__IsGermany,num__BalanceSalaryRatio,cat__Geography_Germany,Review pricing and service in Germany
15665956,0.8826,Critical,1,num__Age,num__NumOfProducts,num__IsActiveMember,Age-specific offer and proactive call
15645517,0.0284,Low,0,cat__Geography_France,num__TenureByAge,num__Tenure,Regular follow-up and general retention offer
15584545,0.1839,Low,0,cat__Gender_Male,num__EstimatedSalary,num__CreditScore,Regular follow-up and general retention offer
15679622,0.3308,Medium,0,num__NumOfProducts,num__Balance,num__BalanceSalaryRatio,Regular follow-up and general retention offer
15697183,0.2109,Medium,0,num__Age,num__IsActiveMember,cat__AgeGroup_41-50,Age-specific offer and proactive call
15707974,0.6283,High,0,num__NumOfProducts,num__IsActiveMember,cat__Gender_Male,Regular follow-up and general retention offer
15644699,0.3,Medium,0,num__ProductsPerTenure,cat__Gender_Male,num__EstimatedSalary,Regular follow-up and general retention offer
15799710,0.234,Medium,0,num__NumOfProducts,num__ProductsPerTenure,num__HasCrCard,Regular follow-up and general retention offer
15568963,0.4759,High,1,num__NumOfProducts,num__IsGermany,num__IsActiveMember,Regular follow-up and general retention offer
15768124,0.4898,High,0,num__NumOfProducts,num__IsActiveMember,cat__Gender_Male,Regular follow-up and general retention offer
15684318,0.6496,High,0,num__Age,num__IsGermany,cat__Gender_Male,Age-specific offer and proactive call
15695846,0.0699,Low,0,cat__Gender_Male,num__TenureByAge,cat__AgeGroup_18-30,Regular follow-up and general retention offer
15746490,0.6388,High,0,num__Age,cat__Gender_Male,num__NumOfProducts,Age-specific offer and proactive call
15694628,0.4316,Medium,0,num__IsGermany,cat__Gender_Male,num__IsActiveMember,Review pricing and service in Germany
15592089,0.2311,Medium,0,num__Age,cat__Gender_Male,cat__AgeGroup_41-50,Age-specific offer and proactive call
15649239,0.2599,Medium,0,num__Age,num__IsActiveMember,cat__AgeGroup_41-50,Age-specific offer and proactive call
15620268,0.8425,Critical,0,num__Balance,num__Age,num__NumOfProducts,Regular follow-up and general retention offer
15658956,0.1124,Low,0,num__IsGermany,cat__Geography_Germany,num__ZeroBalance,Review pricing and service in Germany
15722692,0.3796,Medium,0,num__NumOfProducts,num__IsActiveMember,cat__CreditScoreBin_Poor,Regular follow-up and general retention offer
15662098,0.966,Critical,1,num__NumOfProducts,num__HighProductCount,num__BalanceSalaryRatio,Immediate review by Relationship Manager
15771977,0.5307,High,0,num__NumOfProducts,num__IsActiveMember,cat__Gender_Male,Regular follow-up and general retention offer
15700460,0.6855,High,1,num__Age,cat__Gender_Male,num__NumOfProducts,Age-specific offer and proactive call
15815530,0.6861,High,0,num__NumOfProducts,cat__Gender_Male,num__IsActiveMember,Regular follow-up and general retention offer
15608845,0.4548,High,0,num__IsActiveMember,num__NumOfProducts,cat__Gender_Male,Re-engagement campaign
15654772,0.5544,High,1,num__Age,cat__Gender_Male,num__BalanceSalaryRatio,Age-specific offer and proactive call
15745266,0.7218,Critical,1,num__Age,num__NumOfProducts,num__Balance,Age-specific offer and proactive call
15715047,0.6731,High,1,num__Age,num__IsActiveMember,num__NumOfProducts,Age-specific offer and proactive call
15788775,0.357,Medium,0,num__IsGermany,num__IsActiveMember,num__BalanceSalaryRatio,Review pricing and service in Germany
15680430,0.7644,Critical,0,num__Age,num__IsGermany,num__IsActiveMember,Age-specific offer and proactive call
15677387,0.4216,Medium,0,num__IsGermany,num__NumOfProducts,cat__Gender_Male,Review pricing and service in Germany
15592531,0.1828,Low,0,num__Age,cat__AgeGroup_41-50,num__EstimatedSalary,Age-specific offer and proactive call
15585280,0.0888,Low,0,cat__Gender_Male,num__HasCrCard,cat__AgeGroup_18-30,Regular follow-up and general retention offer
15778526,0.475,High,0,num__Age,num__IsActiveMember,cat__Gender_Male,Age-specific offer and proactive call
15604158,0.1399,Low,0,cat__Gender_Male,num__CreditScore,cat__AgeGroup_18-30,Regular follow-up and general retention offer
15729956,0.2032,Medium,0,num__NumOfProducts,cat__Gender_Male,cat__Geography_France,Regular follow-up and general retention offer
15637178,0.2333,Medium,0,num__Age,cat__Gender_Male,cat__AgeGroup_41-50,Age-specific offer and proactive call
15628992,0.2254,Medium,0,num__IsGermany,num__IsActiveMember,num__BalanceSalaryRatio,Review pricing and service in Germany
15677062,0.3493,Medium,0,num__NumOfProducts,cat__Gender_Male,num__BalanceSalaryRatio,Regular follow-up and general retention offer
15736990,0.2667,Medium,0,num__NumOfProducts,num__IsActiveMember,num__BalanceSalaryRatio,Regular follow-up and general retention offer
15695819,0.6084,High,0,num__Age,num__IsGermany,num__IsActiveMember,Age-specific offer and proactive call
15706557,0.8443,Critical,1,num__Age,num__InactiveSenior,cat__Gender_Male,Age-specific offer and proactive call
15633612,0.1776,Low,0,num__NumOfProducts,num__Balance,num__TenureByAge,Regular follow-up and general retention offer
15573112,0.294,Medium,0,num__NumOfProducts,num__IsActiveMember,cat__Geography_France,Regular follow-up and general retention offer
15730339,0.3285,Medium,0,num__NumOfProducts,num__IsActiveMember,cat__Geography_France,Regular follow-up and general retention offer
15654456,0.879,Critical,1,num__Age,num__IsGermany,num__NumOfProducts,Age-specific offer and proactive call
15801915,0.3606,Medium,0,num__NumOfProducts,num__IsActiveMember,cat__Gender_Male,Regular follow-up and general retention offer
15568326,0.3332,Medium,0,num__Age,cat__Gender_Male,num__IsActiveMember,Age-specific offer and proactive call
15570990,0.3116,Medium,0,cat__Gender_Male,num__IsActiveMember,num__BalanceSalaryRatio,Regular follow-up and general retention offer
15679983,0.4512,High,0,num__NumOfProducts,num__IsActiveMember,num__Balance,Regular follow-up and general retention offer
15697310,0.5608,High,0,num__NumOfProducts,num__IsGermany,num__IsActiveMember,Regular follow-up and general retention offer
15603481,0.3162,Medium,0,num__Age,cat__Gender_Male,cat__AgeGroup_51-60,Age-specific offer and proactive call
15575935,0.6738,High,1,num__Age,num__ProductsPerTenure,num__BalanceSalaryRatio,Age-specific offer and proactive call
15772421,0.4494,Medium,0,num__IsGermany,num__NumOfProducts,cat__Gender_Male,Review pricing and service in Germany
15624013,0.5241,High,0,num__IsActiveMember,num__NumOfProducts,cat__Gender_Male,Re-engagement campaign
15726631,0.3681,Medium,0,cat__Gender_Male,num__NumOfProducts,num__ProductsPerTenure,Regular follow-up and general retention offer
15604732,0.0778,Low,0,cat__Gender_Male,num__IsActiveMember,num__EstimatedSalary,Regular follow-up and general retention offer
15778135,0.7599,Critical,0,num__NumOfProducts,num__Age,num__IsActiveMember,Regular follow-up and general retention offer
15580068,0.0472,Low,0,num__CreditScore,cat__Geography_Spain,cat__Geography_France,Regular follow-up and general retention offer
15794792,0.2381,Medium,0,cat__Gender_Male,num__NumOfProducts,num__ProductsPerTenure,Regular follow-up and general retention offer
15613097,0.0751,Low,0,cat__Gender_Male,num__HasCrCard,num__CreditScore,Regular follow-up and general retention offer
15696826,0.1867,Low,0,num__NumOfProducts,cat__Gender_Male,num__CreditScore,Regular follow-up and general retention offer
15752912,0.0876,Low,0,cat__Gender_Male,num__IsActiveMember,num__Tenure,Regular follow-up and general retention offer
15740494,0.1023,Low,0,cat__Gender_Male,num__IsActiveMember,num__EstimatedSalary,Regular follow-up and general retention offer
15743193,0.1993,Low,1,num__IsActiveMember,num__BalanceSalaryRatio,num__ZeroBalance,Re-engagement campaign
15611191,0.3283,Medium,0,num__IsGermany,cat__Gender_Male,num__BalanceSalaryRatio,Review pricing and service in Germany
15625713,0.3799,Medium,0,cat__Gender_Male,num__NumOfProducts,num__BalanceSalaryRatio,Regular follow-up and general retention offer
15684198,0.1317,Low,0,cat__Gender_Male,num__CreditScore,cat__AgeGroup_18-30,Regular follow-up and general retention offer
15690620,0.4925,High,0,num__NumOfProducts,num__IsActiveMember,num__ProductsPerTenure,Regular follow-up and general retention offer
15705506,0.0896,Low,0,num__IsActiveMember,cat__Geography_France,cat__Geography_Spain,Re-engagement campaign
15768104,0.4029,Medium,0,num__IsActiveMember,num__NumOfProducts,num__ProductsPerTenure,Re-engagement campaign
15592389,0.1612,Low,0,num__NumOfProducts,num__TenureByAge,num__BalanceSalaryRatio,Regular follow-up and general retention offer
15803804,0.7019,Critical,0,num__IsGermany,num__NumOfProducts,num__IsActiveMember,Review pricing and service in Germany
15653306,0.5486,High,0,num__NumOfProducts,num__IsGermany,num__IsActiveMember,Regular follow-up and general retention offer
15704795,0.0387,Low,0,num__CreditScore,cat__Gender_Male,cat__AgeGroup_18-30,Regular follow-up and general retention offer
15684934,0.0306,Low,0,cat__AgeGroup_18-30,num__Tenure,cat__CreditScoreBin_Fair,Age-specific offer and proactive call
15698902,0.7947,Critical,1,num__IsGermany,num__NumOfProducts,num__IsActiveMember,Review pricing and service in Germany
15647572,0.2429,Medium,0,num__NumOfProducts,num__TenureByAge,cat__Geography_France,Regular follow-up and general retention offer
15579808,0.6011,High,0,num__IsGermany,num__NumOfProducts,cat__Gender_Male,Review pricing and service in Germany
15742480,0.1867,Low,0,num__IsGermany,num__BalanceSalaryRatio,num__Balance,Review pricing and service in Germany
15782210,0.7873,Critical,1,num__Age,num__NumOfProducts,num__IsActiveMember,Age-specific offer and proactive call
15593178,0.3164,Medium,1,cat__Gender_Male,num__NumOfProducts,num__ProductsPerTenure,Regular follow-up and general retention offer
15743532,0.5393,High,1,num__IsGermany,num__NumOfProducts,num__IsActiveMember,Review pricing and service in Germany
15812470,0.1661,Low,0,num__Age,num__HasCrCard,num__EstimatedSalary,Age-specific offer and proactive call
15748532,0.5159,High,0,num__NumOfProducts,num__Balance,num__EstimatedSalary,Regular follow-up and general retention offer
15576162,0.1769,Low,0,num__NumOfProducts,num__BalanceSalaryRatio,num__ProductsPerTenure,Regular follow-up and general retention offer
15591986,0.8588,Critical,1,num__Age,num__IsGermany,num__NumOfProducts,Age-specific offer and proactive call
15762855,0.0871,Low,0,cat__Gender_Male,num__CreditScore,cat__Geography_Spain,Regular follow-up and general retention offer
15590476,0.0426,Low,0,num__IsActiveMember,num__Tenure,cat__AgeGroup_60+,Re-engagement campaign
15616152,0.8518,Critical,0,num__Age,num__IsActiveMember,num__NumOfProducts,Age-specific offer and proactive call
15766683,0.6121,High,1,num__IsGermany,num__NumOfProducts,num__IsActiveMember,Review pricing and service in Germany
15764293,0.0294,Low,0,num__CreditScore,cat__CreditScoreBin_Poor,cat__AgeGroup_18-30,Regular follow-up and general retention offer
15777826,0.162,Low,0,num__NumOfProducts,num__ProductsPerTenure,num__ZeroBalance,Regular follow-up and general retention offer
15739194,0.3971,Medium,0,num__BalanceSalaryRatio,num__IsActiveMember,num__Balance,Regular follow-up and general retention offer
15715673,0.7823,Critical,1,num__Age,num__IsActiveMember,cat__Gender_Male,Age-specific offer and proactive call
15761487,0.8161,Critical,1,num__Age,num__NumOfProducts,cat__Gender_Male,Age-specific offer and proactive call
15691004,0.5764,High,1,num__CreditScore,num__NumOfProducts,num__Balance,Regular follow-up and general retention offer
15762392,0.164,Low,0,num__NumOfProducts,cat__Geography_France,cat__Geography_Spain,Regular follow-up and general retention offer
15692750,0.985,Critical,1,num__NumOfProducts,num__HighProductCount,num__Age,Immediate review by Relationship Manager
15735263,0.248,Medium,0,num__NumOfProducts,num__EstimatedSalary,num__BalanceSalaryRatio,Regular follow-up and general retention offer
15678626,0.135,Low,0,cat__Gender_Male,num__ProductsPerTenure,num__IsActiveMember,Regular follow-up and general retention offer
15704378,0.5372,High,0,num__IsGermany,num__NumOfProducts,num__EstimatedSalary,Review pricing and service in Germany
15649112,0.2008,Medium,0,cat__Gender_Male,num__BalanceSalaryRatio,num__ZeroBalance,Regular follow-up and general retention offer
15654379,0.207,Medium,0,num__Age,cat__AgeGroup_51-60,num__CreditScore,Age-specific offer and proactive call
15704284,0.9556,Critical,1,num__Age,num__InactiveSenior,num__IsActiveMember,Age-specific offer and proactive call
15679968,0.4603,High,0,num__NumOfProducts,num__IsActiveMember,num__EstimatedSalary,Regular follow-up and general retention offer
15612455,0.7655,Critical,0,num__Age,num__IsGermany,num__NumOfProducts,Age-specific offer and proactive call
15668679,0.0624,Low,0,num__ProductsPerTenure,num__TenureByAge,num__EstimatedSalary,Regular follow-up and general retention offer
15663312,0.3177,Medium,0,cat__Gender_Male,num__IsActiveMember,num__BalanceSalaryRatio,Regular follow-up and general retention offer
15740237,0.5749,High,0,num__IsGermany,num__NumOfProducts,num__IsActiveMember,Review pricing and service in Germany
15781619,0.6424,High,1,num__NumOfProducts,num__IsActiveMember,cat__Gender_Male,Regular follow-up and general retention offer
15696733,0.3583,Medium,0,num__NumOfProducts,num__IsActiveMember,num__Balance,Regular follow-up and general retention offer
15774250,0.4893,High,1,num__NumOfProducts,num__IsActiveMember,cat__AgeGroup_41-50,Regular follow-up and general retention offer
15621818,0.3541,Medium,0,num__IsGermany,num__NumOfProducts,cat__Geography_Germany,Review pricing and service in Germany
15665077,0.9003,Critical,1,num__NumOfProducts,num__HighProductCount,num__Age,Immediate review by Relationship Manager
15690332,0.5094,High,0,num__IsGermany,num__NumOfProducts,num__Balance,Review pricing and service in Germany
15791501,0.1305,Low,0,num__Age,cat__AgeGroup_41-50,num__CreditScore,Age-specific offer and proactive call
15788291,0.5922,High,1,num__IsGermany,num__NumOfProducts,cat__Gender_Male,Review pricing and service in Germany
15615140,0.2108,Medium,0,num__NumOfProducts,num__EstimatedSalary,num__ProductsPerTenure,Regular follow-up and general retention offer
15694395,0.1535,Low,0,cat__Gender_Male,num__IsActiveMember,num__BalanceSalaryRatio,Regular follow-up and general retention offer
15713426,0.4471,Medium,1,num__IsGermany,num__NumOfProducts,num__IsActiveMember,Review pricing and service in Germany
15675422,0.2348,Medium,0,num__NumOfProducts,cat__Gender_Male,num__ProductsPerTenure,Regular follow-up and general retention offer
15595067,0.167,Low,0,cat__Gender_Male,num__EstimatedSalary,num__CreditScore,Regular follow-up and general retention offer
15738889,0.3302,Medium,1,num__NumOfProducts,cat__AgeGroup_41-50,num__Age,Regular follow-up and general retention offer
15610446,0.9899,Critical,1,num__NumOfProducts,num__Age,num__HighProductCount,Immediate review by Relationship Manager
15591360,0.1592,Low,0,cat__Gender_Male,num__BalanceSalaryRatio,num__ZeroBalance,Regular follow-up and general retention offer
15637891,0.7821,Critical,0,num__Age,num__IsGermany,num__NumOfProducts,Age-specific offer and proactive call
15567246,0.1398,Low,0,num__IsGermany,num__BalanceSalaryRatio,num__ZeroBalance,Review pricing and service in Germany
15727944,0.8707,Critical,0,num__Age,num__IsGermany,num__NumOfProducts,Age-specific offer and proactive call
15752731,0.356,Medium,0,num__NumOfProducts,num__IsActiveMember,cat__Gender_Male,Regular follow-up and general retention offer
15635097,0.2422,Medium,0,num__IsGermany,num__Balance,num__BalanceSalaryRatio,Review pricing and service in Germany
15813144,0.1576,Low,0,cat__Gender_Male,num__IsActiveMember,num__EstimatedSalary,Regular follow-up and general retention offer
15782418,0.4109,Medium,1,num__IsGermany,num__NumOfProducts,cat__Gender_Male,Review pricing and service in Germany
15568469,0.3249,Medium,0,num__Age,num__ProductsPerTenure,num__EstimatedSalary,Age-specific offer and proactive call
15639322,0.1851,Low,0,num__IsActiveMember,num__BalanceSalaryRatio,cat__Geography_Spain,Re-engagement campaign
15626044,0.1457,Low,0,num__IsGermany,num__BalanceSalaryRatio,num__Balance,Review pricing and service in Germany
15596379,0.5664,High,0,num__IsGermany,num__NumOfProducts,cat__Geography_Germany,Review pricing and service in Germany
15635078,0.5176,High,0,num__Age,num__NumOfProducts,num__TenureByAge,Age-specific offer and proactive call
15658693,0.2467,Medium,0,num__Age,cat__Gender_Male,cat__AgeGroup_51-60,Age-specific offer and proactive call
15700854,0.49,High,1,num__NumOfProducts,num__IsActiveMember,num__Balance,Regular follow-up and general retention offer
15774872,0.0437,Low,0,num__IsActiveMember,cat__AgeGroup_18-30,num__EstimatedSalary,Re-engagement campaign
15778089,0.0847,Low,0,num__IsActiveMember,cat__CreditScoreBin_Poor,cat__Geography_France,Re-engagement campaign
15714355,0.3933,Medium,0,num__IsGermany,num__NumOfProducts,cat__Geography_Germany,Review pricing and service in Germany
15763579,0.2506,Medium,0,num__IsGermany,cat__Gender_Male,num__BalanceSalaryRatio,Review pricing and service in Germany
15645269,0.2148,Medium,0,cat__Gender_Male,num__IsActiveMember,cat__AgeGroup_41-50,Regular follow-up and general retention offer
15815552,0.4298,Medium,0,num__NumOfProducts,cat__Gender_Male,cat__AgeGroup_41-50,Regular follow-up and general retention offer
15661162,0.8631,Critical,1,num__Age,num__NumOfProducts,num__IsActiveMember,Age-specific offer and proactive call
15758136,0.2732,Medium,0,num__NumOfProducts,num__EstimatedSalary,num__HasCrCard,Regular follow-up and general retention offer
15792660,0.3559,Medium,0,num__NumOfProducts,num__IsActiveMember,num__ZeroBalance,Regular follow-up and general retention offer
15569678,0.5362,High,0,num__IsGermany,num__NumOfProducts,num__IsActiveMember,Review pricing and service in Germany
15704315,0.1652,Low,0,num__NumOfProducts,num__ProductsPerTenure,num__ZeroBalance,Regular follow-up and general retention offer
15592914,0.0607,Low,0,cat__Gender_Male,cat__CreditScoreBin_Fair,num__Tenure,Regular follow-up and general retention offer
15566633,0.4557,High,0,num__Age,num__IsGermany,num__BalanceSalaryRatio,Age-specific offer and proactive call
15680611,0.6933,High,0,num__NumOfProducts,num__HighProductCount,num__Age,Immediate review by Relationship Manager
15656937,0.2831,Medium,0,num__NumOfProducts,num__IsActiveMember,cat__Geography_France,Regular follow-up and general retention offer
15741728,0.2248,Medium,0,num__NumOfProducts,cat__Geography_France,num__ProductsPerTenure,Regular follow-up and general retention offer
15690829,0.892,Critical,1,num__Age,num__IsGermany,num__NumOfProducts,Age-specific offer and proactive call
15763218,0.1709,Low,0,cat__Gender_Male,cat__AgeGroup_41-50,num__TenureByAge,Regular follow-up and general retention offer
15792365,0.3379,Medium,0,num__Age,num__BalanceSalaryRatio,cat__AgeGroup_41-50,Age-specific offer and proactive call
15610416,0.5855,High,1,num__NumOfProducts,num__IsActiveMember,cat__Gender_Male,Regular follow-up and general retention offer
15648858,0.1639,Low,0,num__NumOfProducts,cat__Gender_Male,num__HasCrCard,Regular follow-up and general retention offer
15623107,0.976,Critical,1,num__NumOfProducts,num__HighProductCount,num__Age,Immediate review by Relationship Manager
15805303,0.8135,Critical,1,num__IsGermany,num__Age,num__NumOfProducts,Review pricing and service in Germany
15661734,0.4162,Medium,0,num__IsGermany,num__IsActiveMember,num__BalanceSalaryRatio,Review pricing and service in Germany
15769980,0.598,High,0,num__IsGermany,num__NumOfProducts,cat__Gender_Male,Review pricing and service in Germany
15775662,0.5941,High,0,num__Age,num__IsActiveMember,num__NumOfProducts,Age-specific offer and proactive call
15577514,0.537,High,0,num__IsGermany,num__NumOfProducts,cat__Gender_Male,Review pricing and service in Germany
15714981,0.3877,Medium,1,num__NumOfProducts,num__Balance,num__BalanceSalaryRatio,Regular follow-up and general retention offer
15744622,0.2531,Medium,0,num__NumOfProducts,num__IsActiveMember,num__ProductsPerTenure,Regular follow-up and general retention offer
15733973,0.6705,High,1,num__NumOfProducts,num__IsActiveMember,num__Balance,Regular follow-up and general retention offer
15581968,0.0598,Low,0,cat__Gender_Male,num__EstimatedSalary,cat__AgeGroup_18-30,Regular follow-up and general retention offer
15776518,0.4099,Medium,0,cat__Gender_Male,num__NumOfProducts,num__EstimatedSalary,Regular follow-up and general retention offer
15765487,0.6007,High,0,num__IsGermany,num__NumOfProducts,cat__Gender_Male,Review pricing and service in Germany
15769402,0.1397,Low,0,num__NumOfProducts,num__ProductsPerTenure,num__BalanceSalaryRatio,Regular follow-up and general retention offer
15805955,0.6361,High,0,num__Age,num__NumOfProducts,cat__Gender_Male,Age-specific offer and proactive call
15638231,0.2575,Medium,0,num__Age,cat__Gender_Male,num__EstimatedSalary,Age-specific offer and proactive call
15773731,0.1309,Low,0,cat__Gender_Male,num__IsActiveMember,cat__Geography_France,Regular follow-up and general retention offer
15793343,0.0769,Low,0,cat__Gender_Male,num__EstimatedSalary,num__CreditScore,Regular follow-up and general retention offer
15778752,0.0488,Low,0,num__ZeroBalance,num__EstimatedSalary,cat__AgeGroup_18-30,Regular follow-up and general retention offer
15762332,0.168,Low,0,num__IsGermany,cat__Gender_Male,num__BalanceSalaryRatio,Review pricing and service in Germany
15584704,0.794,Critical,0,num__Age,num__NumOfProducts,num__IsActiveMember,Age-specific offer and proactive call
15627741,0.1816,Low,0,num__IsGermany,cat__Gender_Male,num__BalanceSalaryRatio,Review pricing and service in Germany
15649129,0.0339,Low,0,num__IsActiveMember,cat__AgeGroup_18-30,cat__CreditScoreBin_Fair,Re-engagement campaign
15682757,0.0522,Low,0,num__IsActiveMember,num__TenureByAge,cat__CreditScoreBin_Fair,Re-engagement campaign
15667215,0.0342,Low,0,num__TenureByAge,cat__AgeGroup_18-30,num__Tenure,Age-specific offer and proactive call
15606641,0.9809,Critical,1,num__NumOfProducts,num__HighProductCount,num__Age,Immediate review by Relationship Manager
15684171,0.5942,High,0,num__Age,cat__Gender_Male,num__NumOfProducts,Age-specific offer and proactive call
15797665,0.1122,Low,0,cat__Gender_Male,num__IsActiveMember,num__EstimatedSalary,Regular follow-up and general retention offer
15792388,0.6875,High,0,num__Age,cat__Gender_Male,num__NumOfProducts,Age-specific offer and proactive call
15585388,0.1419,Low,0,num__IsGermany,num__BalanceSalaryRatio,num__Balance,Review pricing and service in Germany
15708162,0.4,Medium,0,num__IsGermany,cat__Gender_Male,num__BalanceSalaryRatio,Review pricing and service in Germany
15734886,0.2331,Medium,0,cat__Gender_Male,num__IsActiveMember,num__BalanceSalaryRatio,Regular follow-up and general retention offer
15804038,0.593,High,1,num__NumOfProducts,num__Age,num__Balance,Regular follow-up and general retention offer
15762821,0.0401,Low,0,cat__Geography_France,num__HasCrCard,cat__Geography_Spain,Regular follow-up and general retention offer
15611599,0.1265,Low,0,cat__Gender_Male,num__Age,num__CreditScore,Regular follow-up and general retention offer
15707602,0.5769,High,1,num__Age,cat__Gender_Male,num__BalanceSalaryRatio,Age-specific offer and proactive call
15814033,0.0863,Low,0,num__IsActiveMember,cat__Geography_France,num__TenureByAge,Re-engagement campaign
15763415,0.6539,High,0,num__IsGermany,num__NumOfProducts,num__TenureByAge,Review pricing and service in Germany
15643392,0.1722,Low,0,num__NumOfProducts,num__BalanceSalaryRatio,num__ZeroBalance,Regular follow-up and general retention offer
15782569,0.2358,Medium,0,num__NumOfProducts,cat__Gender_Male,num__Balance,Regular follow-up and general retention offer
15659820,0.1095,Low,0,cat__Gender_Male,num__IsActiveMember,num__EstimatedSalary,Regular follow-up and general retention offer
15723864,0.5891,High,1,num__Age,num__IsActiveMember,num__BalanceSalaryRatio,Age-specific offer and proactive call
15801169,0.7433,Critical,1,num__IsGermany,num__NumOfProducts,num__IsActiveMember,Review pricing and service in Germany
15763874,0.1728,Low,0,num__Age,cat__AgeGroup_41-50,num__CreditScore,Age-specific offer and proactive call
15617476,0.0918,Low,0,cat__Gender_Male,num__EstimatedSalary,num__CreditScore,Regular follow-up and general retention offer
15755209,0.3283,Medium,0,num__NumOfProducts,cat__Gender_Male,cat__Geography_France,Regular follow-up and general retention offer
15652658,0.1133,Low,0,num__BalanceSalaryRatio,num__ZeroBalance,cat__AgeGroup_18-30,Regular follow-up and general retention offer
15757829,0.504,High,0,cat__Gender_Male,num__IsGermany,num__IsActiveMember,Regular follow-up and general retention offer
15760085,0.8485,Critical,0,num__Age,num__IsGermany,num__NumOfProducts,Age-specific offer and proactive call
15716186,0.1453,Low,0,cat__Gender_Male,num__IsActiveMember,num__CreditScore,Regular follow-up and general retention offer
15766746,0.3458,Medium,0,num__IsActiveMember,num__NumOfProducts,num__BalanceSalaryRatio,Re-engagement campaign
15809999,0.3816,Medium,0,num__IsActiveMember,cat__Gender_Male,num__BalanceSalaryRatio,Re-engagement campaign
15720123,0.0806,Low,0,num__IsActiveMember,cat__CreditScoreBin_Poor,cat__Geography_France,Re-engagement campaign
15707637,0.9773,Critical,1,num__Age,num__InactiveSenior,num__NumOfProducts,Age-specific offer and proactive call
15576077,0.2094,Medium,0,num__NumOfProducts,cat__Gender_Male,num__ProductsPerTenure,Regular follow-up and general retention offer
15667971,0.2124,Medium,0,num__IsGermany,cat__Gender_Male,num__BalanceSalaryRatio,Review pricing and service in Germany
15793197,0.3509,Medium,0,num__IsActiveMember,num__NumOfProducts,cat__Gender_Male,Re-engagement campaign
15748123,0.0236,Low,0,num__CreditScore,num__TenureByAge,num__Tenure,Regular follow-up and general retention offer
15774536,0.1095,Low,0,cat__Gender_Male,num__IsActiveMember,num__EstimatedSalary,Regular follow-up and general retention offer
15793478,0.6993,High,1,num__IsGermany,num__NumOfProducts,num__IsActiveMember,Review pricing and service in Germany
15575676,0.0341,Low,0,num__CreditScore,num__HasCrCard,cat__AgeGroup_60+,Regular follow-up and general retention offer
15638989,0.5279,High,1,num__Balance,num__IsActiveMember,num__NumOfProducts,Regular follow-up and general retention offer
15738605,0.8121,Critical,1,num__Age,num__IsGermany,num__NumOfProducts,Age-specific offer and proactive call
15715160,0.1193,Low,0,num__BalanceSalaryRatio,num__ZeroBalance,num__CreditScore,Regular follow-up and general retention offer
15617065,0.5862,High,1,num__IsActiveMember,num__Balance,num__NumOfProducts,Re-engagement campaign
15766906,0.1675,Low,0,num__IsActiveMember,cat__Gender_Male,num__BalanceSalaryRatio,Re-engagement campaign
15585892,0.6081,High,0,num__NumOfProducts,cat__Gender_Male,num__IsActiveMember,Regular follow-up and general retention offer
15627971,0.6481,High,0,num__Balance,cat__Gender_Male,num__NumOfProducts,Regular follow-up and general retention offer
15725767,0.0567,Low,0,num__IsActiveMember,num__TenureByAge,cat__CreditScoreBin_Fair,Re-engagement campaign
15690731,0.3031,Medium,0,num__NumOfProducts,num__EstimatedSalary,num__ProductsPerTenure,Regular follow-up and general retention offer
15769781,0.044,Low,0,cat__Gender_Male,cat__Geography_France,cat__Geography_Spain,Regular follow-up and general retention offer
15724423,0.3189,Medium,0,num__IsActiveMember,cat__Gender_Male,num__BalanceSalaryRatio,Re-engagement campaign
15608230,0.0439,Low,0,num__IsActiveMember,cat__AgeGroup_60+,cat__AgeGroup_31-40,Re-engagement campaign
15687171,0.3394,Medium,0,num__IsActiveMember,num__NumOfProducts,cat__Geography_France,Re-engagement campaign
15761497,0.8135,Critical,1,num__Age,num__IsActiveMember,cat__Gender_Male,Age-specific offer and proactive call
15656188,0.0964,Low,0,cat__Gender_Male,num__EstimatedSalary,cat__Geography_Spain,Regular follow-up and general retention offer
15795963,0.1902,Low,0,num__NumOfProducts,num__BalanceSalaryRatio,num__TenureByAge,Regular follow-up and general retention offer
15656865,0.4987,High,0,num__IsGermany,num__NumOfProducts,cat__Geography_Germany,Review pricing and service in Germany
15653110,0.5076,High,0,num__IsActiveMember,num__NumOfProducts,cat__AgeGroup_41-50,Re-engagement campaign
15681327,0.0302,Low,0,cat__CreditScoreBin_Fair,num__Tenure,cat__AgeGroup_60+,Regular follow-up and general retention offer
15760521,0.7058,Critical,0,num__Age,num__NumOfProducts,cat__Gender_Male,Age-specific offer and proactive call
15779809,0.4684,High,0,num__Age,num__NumOfProducts,cat__AgeGroup_41-50,Age-specific offer and proactive call
15696812,0.0888,Low,0,cat__AgeGroup_41-50,num__CreditScore,num__Age,Age-specific offer and proactive call
15613734,0.157,Low,0,cat__Gender_Male,num__BalanceSalaryRatio,num__ZeroBalance,Regular follow-up and general retention offer
15664083,0.5332,High,0,num__IsGermany,num__NumOfProducts,cat__Gender_Male,Review pricing and service in Germany
15676091,0.5347,High,0,num__NumOfProducts,num__Balance,cat__AgeGroup_41-50,Regular follow-up and general retention offer
15607269,0.6276,High,0,num__Age,num__IsGermany,cat__Gender_Male,Age-specific offer and proactive call
15605279,0.9554,Critical,1,num__NumOfProducts,num__Age,num__HighProductCount,Immediate review by Relationship Manager
15645896,0.271,Medium,0,num__IsGermany,num__BalanceSalaryRatio,num__Balance,Review pricing and service in Germany
15618225,0.2717,Medium,0,num__IsGermany,num__IsActiveMember,num__BalanceSalaryRatio,Review pricing and service in Germany
15668958,0.2562,Medium,0,num__NumOfProducts,num__IsActiveMember,num__TenureByAge,Regular follow-up and general retention offer
15616088,0.3592,Medium,0,cat__Gender_Male,num__NumOfProducts,num__Age,Regular follow-up and general retention offer
15782608,0.2046,Medium,1,num__Age,num__IsActiveMember,cat__AgeGroup_41-50,Age-specific offer and proactive call
15699797,0.3469,Medium,0,num__IsActiveMember,num__NumOfProducts,num__Balance,Re-engagement campaign
15758372,0.0224,Low,1,num__Tenure,cat__CreditScoreBin_Fair,cat__AgeGroup_60+,Regular follow-up and general retention offer
15658852,0.0587,Low,0,num__TenureByAge,cat__AgeGroup_18-30,cat__CreditScoreBin_Fair,Age-specific offer and proactive call
15734970,0.4151,Medium,0,num__NumOfProducts,num__IsActiveMember,num__ProductsPerTenure,Regular follow-up and general retention offer
15664849,0.6234,High,1,num__Age,num__NumOfProducts,cat__AgeGroup_41-50,Age-specific offer and proactive call
15569247,0.7048,Critical,0,num__Age,cat__Gender_Male,num__NumOfProducts,Age-specific offer and proactive call
15807239,0.4189,Medium,0,num__NumOfProducts,num__IsActiveMember,cat__Gender_Male,Regular follow-up and general retention offer
15629739,0.436,Medium,0,num__IsGermany,num__NumOfProducts,cat__Gender_Male,Review pricing and service in Germany
15619016,0.5185,High,0,num__Age,num__IsGermany,num__BalanceSalaryRatio,Age-specific offer and proactive call
15737605,0.5443,High,0,num__Age,cat__Gender_Male,num__BalanceSalaryRatio,Age-specific offer and proactive call
15625824,0.9754,Critical,1,num__NumOfProducts,num__HighProductCount,num__BalanceSalaryRatio,Immediate review by Relationship Manager
15639368,0.1859,Low,0,num__NumOfProducts,num__IsActiveMember,num__TenureByAge,Regular follow-up and general retention offer
15568328,0.065,Low,0,cat__Gender_Male,cat__CreditScoreBin_Poor,cat__CreditScoreBin_Fair,Regular follow-up and general retention offer
15674573,0.1619,Low,0,num__NumOfProducts,cat__Gender_Male,num__BalanceSalaryRatio,Regular follow-up and general retention offer
15675185,0.636,High,0,num__Age,num__IsGermany,cat__Gender_Male,Age-specific offer and proactive call
15716608,0.7588,Critical,1,num__NumOfProducts,num__HighProductCount,num__IsActiveMember,Immediate review by Relationship Manager
15624866,0.2817,Medium,0,num__IsGermany,num__IsActiveMember,num__BalanceSalaryRatio,Review pricing and service in Germany
15600792,0.0614,Low,0,num__ProductsPerTenure,num__TenureByAge,cat__Geography_Spain,Regular follow-up and general retention offer
15781307,0.3209,Medium,0,num__IsGermany,num__IsActiveMember,num__BalanceSalaryRatio,Review pricing and service in Germany
15595324,0.982,Critical,1,num__NumOfProducts,num__HighProductCount,num__BalanceSalaryRatio,Immediate review by Relationship Manager
15636330,0.7892,Critical,1,num__Age,num__IsGermany,num__IsActiveMember,Age-specific offer and proactive call
15809736,0.7283,Critical,1,num__Age,num__NumOfProducts,num__Balance,Age-specific offer and proactive call
15737310,0.2446,Medium,0,num__NumOfProducts,num__IsActiveMember,num__EstimatedSalary,Regular follow-up and general retention offer
15632050,0.5919,High,0,num__IsActiveMember,num__NumOfProducts,cat__Gender_Male,Re-engagement campaign
15734628,0.126,Low,0,cat__Gender_Male,num__IsActiveMember,num__CreditScore,Regular follow-up and general retention offer
15727556,0.3198,Medium,0,num__NumOfProducts,cat__Gender_Male,num__EstimatedSalary,Regular follow-up and general retention offer
15704597,0.1933,Low,0,num__NumOfProducts,num__Balance,num__ProductsPerTenure,Regular follow-up and general retention offer
15682211,0.2536,Medium,0,num__Age,num__TenureByAge,cat__AgeGroup_51-60,Age-specific offer and proactive call
15611371,0.4186,Medium,0,num__Age,num__NumOfProducts,cat__AgeGroup_41-50,Age-specific offer and proactive call
15720338,0.4284,Medium,0,num__Age,num__BalanceSalaryRatio,cat__AgeGroup_51-60,Age-specific offer and proactive call
15716518,0.1033,Low,0,cat__Gender_Male,num__IsActiveMember,num__EstimatedSalary,Regular follow-up and general retention offer
15572428,0.4878,High,0,num__IsGermany,num__NumOfProducts,cat__Gender_Male,Review pricing and service in Germany
15813422,0.314,Medium,0,num__IsActiveMember,num__NumOfProducts,cat__Geography_France,Re-engagement campaign
15799435,0.4221,Medium,0,num__NumOfProducts,num__IsActiveMember,num__Balance,Regular follow-up and general retention offer
15778604,0.4694,High,0,num__Age,num__IsActiveMember,cat__Gender_Male,Age-specific offer and proactive call
15677020,0.767,Critical,1,num__Age,num__NumOfProducts,cat__Gender_Male,Age-specific offer and proactive call
15745030,0.1895,Low,0,num__IsGermany,num__IsActiveMember,cat__AgeGroup_41-50,Review pricing and service in Germany
15604314,0.4584,High,0,num__NumOfProducts,num__IsGermany,num__IsActiveMember,Regular follow-up and general retention offer
15790678,0.3395,Medium,0,num__IsActiveMember,num__NumOfProducts,cat__Gender_Male,Re-engagement campaign
15763704,0.4796,High,0,num__Age,cat__Gender_Male,num__IsActiveMember,Age-specific offer and proactive call
15806332,0.1504,Low,0,cat__Gender_Male,num__EstimatedSalary,num__CreditScore,Regular follow-up and general retention offer
15754649,0.3118,Medium,0,num__Age,cat__Gender_Male,cat__AgeGroup_51-60,Age-specific offer and proactive call
15614847,0.6745,High,0,num__Age,num__NumOfProducts,cat__Gender_Male,Age-specific offer and proactive call
15638871,0.0317,Low,0,num__BalanceSalaryRatio,num__ZeroBalance,cat__AgeGroup_18-30,Regular follow-up and general retention offer
15699963,0.2363,Medium,0,num__NumOfProducts,num__TenureByAge,num__CreditScore,Regular follow-up and general retention offer
15605791,0.2083,Medium,0,num__IsGermany,num__BalanceSalaryRatio,num__IsActiveMember,Review pricing and service in Germany
15732113,0.7186,Critical,0,num__Age,num__NumOfProducts,num__Balance,Age-specific offer and proactive call
15780572,0.0598,Low,0,num__IsActiveMember,cat__Geography_Spain,cat__Geography_France,Re-engagement campaign
15662151,0.4581,High,0,num__NumOfProducts,num__Balance,num__BalanceSalaryRatio,Regular follow-up and general retention offer
15711750,0.0888,Low,0,cat__Gender_Male,num__EstimatedSalary,num__TenureByAge,Regular follow-up and general retention offer
15677052,0.2918,Medium,1,num__Age,cat__Gender_Male,cat__AgeGroup_51-60,Age-specific offer and proactive call
15621267,0.4124,Medium,0,num__NumOfProducts,num__IsActiveMember,num__Balance,Regular follow-up and general retention offer
15650538,0.8993,Critical,1,num__Age,num__IsGermany,num__NumOfProducts,Age-specific offer and proactive call
15643158,0.7025,Critical,1,num__NumOfProducts,num__IsActiveMember,cat__Gender_Male,Regular follow-up and general retention offer
15647266,0.7541,Critical,0,num__Age,num__IsActiveMember,num__NumOfProducts,Age-specific offer and proactive call
15682528,0.2925,Medium,0,num__NumOfProducts,num__Balance,num__BalanceSalaryRatio,Regular follow-up and general retention offer
15715142,0.7436,Critical,1,num__Age,num__IsGermany,num__NumOfProducts,Age-specific offer and proactive call
15754267,0.1606,Low,0,num__IsGermany,num__BalanceSalaryRatio,num__Balance,Review pricing and service in Germany
15578788,0.1145,Low,0,num__IsActiveMember,cat__Geography_France,cat__CreditScoreBin_Fair,Re-engagement campaign
15794868,0.2851,Medium,0,num__IsGermany,num__BalanceSalaryRatio,num__Balance,Review pricing and service in Germany
15720508,0.2706,Medium,0,num__NumOfProducts,num__IsActiveMember,num__TenureByAge,Regular follow-up and general retention offer
15750335,0.9754,Critical,1,num__NumOfProducts,num__HighProductCount,num__IsGermany,Immediate review by Relationship Manager
15693543,0.0711,Low,0,cat__Gender_Male,num__HasCrCard,cat__AgeGroup_18-30,Regular follow-up and general retention offer
15621021,0.2004,Medium,0,cat__Gender_Male,num__IsActiveMember,num__TenureByAge,Regular follow-up and general retention offer
15599078,0.768,Critical,0,num__IsGermany,num__NumOfProducts,num__IsActiveMember,Review pricing and service in Germany
15571973,0.5354,High,0,cat__Gender_Male,num__IsActiveMember,num__NumOfProducts,Regular follow-up and general retention offer
15616525,0.3255,Medium,0,num__IsActiveMember,num__NumOfProducts,cat__Geography_France,Re-engagement campaign
15778005,0.4932,High,1,num__IsActiveMember,num__NumOfProducts,cat__Gender_Male,Re-engagement campaign
15793813,0.1976,Low,0,num__NumOfProducts,num__ProductsPerTenure,num__HasCrCard,Regular follow-up and general retention offer
15692430,0.2656,Medium,0,num__IsGermany,num__IsActiveMember,num__BalanceSalaryRatio,Review pricing and service in Germany
15794297,0.0688,Low,0,num__IsActiveMember,cat__CreditScoreBin_Fair,cat__AgeGroup_18-30,Re-engagement campaign
15706899,0.0377,Low,0,num__CreditScore,cat__CreditScoreBin_Poor,num__TenureByAge,Regular follow-up and general retention offer
15805627,0.0523,Low,0,cat__AgeGroup_18-30,num__Tenure,cat__AgeGroup_60+,Age-specific offer and proactive call
15711455,0.6318,High,1,num__IsGermany,num__NumOfProducts,num__IsActiveMember,Review pricing and service in Germany
15574743,0.311,Medium,0,num__NumOfProducts,num__Balance,num__EstimatedSalary,Regular follow-up and general retention offer
15566295,0.2485,Medium,0,cat__Gender_Male,num__IsActiveMember,num__BalanceSalaryRatio,Regular follow-up and general retention offer
15720110,0.176,Low,0,num__NumOfProducts,num__EstimatedSalary,num__TenureByAge,Regular follow-up and general retention offer
15786392,0.4786,High,0,num__IsActiveMember,num__NumOfProducts,cat__AgeGroup_41-50,Re-engagement campaign
15673238,0.9007,Critical,1,num__Age,num__InactiveSenior,num__IsActiveMember,Age-specific offer and proactive call
15659092,0.7347,Critical,1,num__Age,num__InactiveSenior,num__IsActiveMember,Age-specific offer and proactive call
15688085,0.2986,Medium,0,num__NumOfProducts,cat__Gender_Male,cat__Geography_France,Regular follow-up and general retention offer
15615032,0.1737,Low,0,num__Age,cat__AgeGroup_41-50,num__CreditScore,Age-specific offer and proactive call
15799815,0.3831,Medium,0,num__IsGermany,num__NumOfProducts,cat__Gender_Male,Review pricing and service in Germany
15764604,0.9658,Critical,1,num__NumOfProducts,num__HighProductCount,num__BalanceSalaryRatio,Immediate review by Relationship Manager
15775318,0.9818,Critical,1,num__NumOfProducts,num__HighProductCount,num__Age,Immediate review by Relationship Manager
15581479,0.127,Low,0,num__NumOfProducts,num__CreditScore,num__ZeroBalance,Regular follow-up and general retention offer
15715796,0.1107,Low,0,num__ProductsPerTenure,num__CreditScore,num__TenureByAge,Regular follow-up and general retention offer
15607040,0.3201,Medium,0,cat__Gender_Male,num__IsActiveMember,num__BalanceSalaryRatio,Regular follow-up and general retention offer
15706365,0.7235,Critical,0,num__Age,num__NumOfProducts,cat__Gender_Male,Age-specific offer and proactive call
15690678,0.2856,Medium,0,cat__Gender_Male,num__NumOfProducts,num__EstimatedSalary,Regular follow-up and general retention offer
15619436,0.5028,High,0,num__NumOfProducts,num__IsActiveMember,cat__Gender_Male,Regular follow-up and general retention offer
15800366,0.2554,Medium,0,num__NumOfProducts,num__Balance,num__BalanceSalaryRatio,Regular follow-up and general retention offer
15767231,0.3156,Medium,0,num__IsActiveMember,num__NumOfProducts,num__ProductsPerTenure,Re-engagement campaign
15759284,0.4871,High,1,num__NumOfProducts,cat__Gender_Male,num__Balance,Regular follow-up and general retention offer
15745001,0.1373,Low,0,cat__Gender_Male,num__IsActiveMember,cat__Geography_France,Regular follow-up and general retention offer
15631838,0.3919,Medium,0,num__Age,num__BalanceSalaryRatio,num__ZeroBalance,Age-specific offer and proactive call
15568238,0.0291,Low,0,cat__Geography_France,cat__Geography_Spain,cat__CreditScoreBin_Fair,Regular follow-up and general retention offer
15776211,0.0699,Low,0,cat__Gender_Male,num__TenureByAge,cat__AgeGroup_18-30,Regular follow-up and general retention offer
15637979,0.3345,Medium,0,num__IsGermany,num__IsActiveMember,cat__Gender_Male,Review pricing and service in Germany
15569098,0.5948,High,1,num__Age,num__IsActiveMember,num__NumOfProducts,Age-specific offer and proactive call
15638159,0.4506,High,0,num__IsActiveMember,num__NumOfProducts,cat__Gender_Male,Re-engagement campaign
15596800,0.3476,Medium,1,num__IsGermany,num__NumOfProducts,cat__Geography_Germany,Review pricing and service in Germany
15677796,0.8808,Critical,1,num__Age,num__IsGermany,num__NumOfProducts,Age-specific offer and proactive call
15668886,0.1542,Low,0,cat__Gender_Male,num__IsActiveMember,cat__Geography_France,Regular follow-up and general retention offer
15643378,0.3144,Medium,0,num__NumOfProducts,cat__AgeGroup_41-50,num__Age,Regular follow-up and general retention offer
15808526,0.8054,Critical,1,num__Age,num__IsGermany,num__NumOfProducts,Age-specific offer and proactive call
15645136,0.2735,Medium,0,num__IsActiveMember,num__NumOfProducts,cat__Geography_France,Re-engagement campaign
15719348,0.4714,High,1,num__NumOfProducts,num__IsActiveMember,num__Balance,Regular follow-up and general retention offer
15681887,0.4048,Medium,0,num__ProductsPerTenure,num__IsGermany,num__EstimatedSalary,Regular follow-up and general retention offer
15633419,0.2446,Medium,0,num__IsGermany,num__IsActiveMember,cat__Gender_Male,Review pricing and service in Germany
15811290,0.6637,High,0,num__Age,num__ProductsPerTenure,num__IsGermany,Age-specific offer and proactive call
15710053,0.5488,High,0,num__Age,num__IsGermany,cat__Gender_Male,Age-specific offer and proactive call
15720745,0.2143,Medium,0,num__NumOfProducts,num__CreditScore,cat__Geography_France,Regular follow-up and general retention offer
15653620,0.0565,Low,0,cat__Gender_Male,num__CreditScore,cat__CreditScoreBin_Poor,Regular follow-up and general retention offer
15616168,0.281,Medium,0,cat__Gender_Male,num__NumOfProducts,num__ProductsPerTenure,Regular follow-up and general retention offer
15795895,0.2904,Medium,0,num__IsGermany,num__IsActiveMember,num__BalanceSalaryRatio,Review pricing and service in Germany
15802220,0.3636,Medium,0,num__IsActiveMember,num__NumOfProducts,cat__Geography_France,Re-engagement campaign
15711181,0.3947,Medium,0,num__Age,cat__Gender_Male,num__EstimatedSalary,Age-specific offer and proactive call
15576304,0.1521,Low,0,num__NumOfProducts,num__ProductsPerTenure,num__TenureByAge,Regular follow-up and general retention offer
15595842,0.8599,Critical,1,num__Age,num__IsGermany,num__NumOfProducts,Age-specific offer and proactive call
15747323,0.7465,Critical,1,num__Age,num__IsActiveMember,num__NumOfProducts,Age-specific offer and proactive call
15647842,0.9152,Critical,1,num__Age,num__IsGermany,num__NumOfProducts,Age-specific offer and proactive call
15741865,0.3188,Medium,0,cat__Gender_Male,num__NumOfProducts,num__ProductsPerTenure,Regular follow-up and general retention offer
15662091,0.19,Low,0,num__NumOfProducts,cat__Geography_France,num__ProductsPerTenure,Regular follow-up and general retention offer
15794874,0.354,Medium,0,num__NumOfProducts,cat__AgeGroup_41-50,num__EstimatedSalary,Regular follow-up and general retention offer
15624519,0.91,Critical,1,num__Age,num__IsGermany,num__NumOfProducts,Age-specific offer and proactive call
15638751,0.1788,Low,0,cat__Gender_Male,num__IsActiveMember,cat__AgeGroup_41-50,Regular follow-up and general retention offer
15702095,0.9515,Critical,1,num__Age,num__InactiveSenior,num__IsActiveMember,Age-specific offer and proactive call
15630241,0.5817,High,0,num__Age,num__NumOfProducts,num__EstimatedSalary,Age-specific offer and proactive call
15717290,0.3035,Medium,0,num__IsGermany,num__BalanceSalaryRatio,num__Balance,Review pricing and service in Germany
15789379,0.2442,Medium,0,num__NumOfProducts,num__IsActiveMember,num__ProductsPerTenure,Regular follow-up and general retention offer
15753549,0.1594,Low,1,num__IsActiveMember,num__NumOfProducts,num__BalanceSalaryRatio,Re-engagement campaign
15653715,0.1957,Low,0,num__Age,cat__Gender_Male,num__CreditScore,Age-specific offer and proactive call
15732437,0.6264,High,1,num__Age,num__IsGermany,cat__Gender_Male,Age-specific offer and proactive call
15729412,0.2536,Medium,0,num__NumOfProducts,num__BalanceSalaryRatio,num__ZeroBalance,Regular follow-up and general retention offer
15629078,0.7621,Critical,1,num__Age,num__IsGermany,num__NumOfProducts,Age-specific offer and proactive call
15722991,0.933,Critical,1,num__Age,num__InactiveSenior,num__IsActiveMember,Age-specific offer and proactive call
15597968,0.9502,Critical,1,num__Age,num__InactiveSenior,num__NumOfProducts,Age-specific offer and proactive call
15609637,0.1986,Low,0,num__Age,cat__AgeGroup_51-60,num__HasCrCard,Age-specific offer and proactive call
15609558,0.5845,High,1,num__Age,num__IsGermany,cat__Gender_Male,Age-specific offer and proactive call
15726354,0.4074,Medium,0,num__IsActiveMember,num__NumOfProducts,cat__Gender_Male,Re-engagement campaign
15701333,0.5085,High,0,cat__Gender_Male,num__NumOfProducts,num__IsActiveMember,Regular follow-up and general retention offer
15626898,0.2384,Medium,0,num__NumOfProducts,num__IsActiveMember,num__BalanceSalaryRatio,Regular follow-up and general retention offer
15671387,0.1583,Low,0,cat__Gender_Male,num__IsActiveMember,num__EstimatedSalary,Regular follow-up and general retention offer
15632143,0.2409,Medium,0,num__NumOfProducts,num__IsActiveMember,num__TenureByAge,Regular follow-up and general retention offer
15702293,0.0972,Low,0,cat__Gender_Male,num__CreditScore,cat__Geography_Spain,Regular follow-up and general retention offer
15583033,0.0505,Low,0,cat__Gender_Male,num__HasCrCard,num__CreditScore,Regular follow-up and general retention offer
15657228,0.2029,Medium,0,num__IsGermany,num__BalanceSalaryRatio,cat__Geography_Germany,Review pricing and service in Germany
15668309,0.6181,High,1,num__CreditScore,num__NumOfProducts,cat__Gender_Male,Regular follow-up and general retention offer
15745452,0.6946,High,0,num__NumOfProducts,num__IsGermany,num__IsActiveMember,Regular follow-up and general retention offer
15672374,0.8919,Critical,1,num__Age,num__InactiveSenior,num__IsActiveMember,Age-specific offer and proactive call
15746726,0.4821,High,0,num__NumOfProducts,num__IsGermany,num__IsActiveMember,Regular follow-up and general retention offer
15740846,0.2989,Medium,0,num__NumOfProducts,num__ProductsPerTenure,num__CreditScore,Regular follow-up and general retention offer
15804211,0.1927,Low,0,num__NumOfProducts,num__EstimatedSalary,num__ZeroBalance,Regular follow-up and general retention offer
15657085,0.1805,Low,0,num__NumOfProducts,num__CreditScore,num__ProductsPerTenure,Regular follow-up and general retention offer
15699047,0.0835,Low,0,cat__Gender_Male,num__BalanceSalaryRatio,num__ZeroBalance,Regular follow-up and general retention offer
15675983,0.3651,Medium,0,num__NumOfProducts,cat__Gender_Male,num__EstimatedSalary,Regular follow-up and general retention offer
15788483,0.552,High,0,num__NumOfProducts,num__IsActiveMember,num__Balance,Regular follow-up and general retention offer
15612207,0.8335,Critical,1,num__Age,num__IsGermany,num__NumOfProducts,Age-specific offer and proactive call
15603743,0.1374,Low,0,num__NumOfProducts,num__HasCrCard,num__CreditScore,Regular follow-up and general retention offer
15752081,0.9286,Critical,1,num__NumOfProducts,num__Age,num__HighProductCount,Immediate review by Relationship Manager
15724154,0.9185,Critical,1,num__Age,num__IsGermany,num__NumOfProducts,Age-specific offer and proactive call
15707011,0.7438,Critical,0,num__Age,num__IsActiveMember,num__NumOfProducts,Age-specific offer and proactive call
15586914,0.1684,Low,0,num__IsActiveMember,num__BalanceSalaryRatio,num__ZeroBalance,Re-engagement campaign
15578006,0.034,Low,0,cat__Gender_Male,num__Tenure,cat__AgeGroup_18-30,Regular follow-up and general retention offer
15755638,0.5571,High,1,num__Age,cat__Gender_Male,num__NumOfProducts,Age-specific offer and proactive call
15664001,0.9556,Critical,1,num__Age,num__InactiveSenior,num__IsActiveMember,Age-specific offer and proactive call
15567778,0.8425,Critical,1,num__Age,num__IsGermany,num__NumOfProducts,Age-specific offer and proactive call
15677921,0.8822,Critical,1,num__Age,num__InactiveSenior,num__IsActiveMember,Age-specific offer and proactive call
15813067,0.8921,Critical,1,num__Age,num__IsGermany,num__NumOfProducts,Age-specific offer and proactive call
15699619,0.2405,Medium,0,num__NumOfProducts,num__IsActiveMember,num__ProductsPerTenure,Regular follow-up and general retention offer
15729582,0.8764,Critical,0,num__Age,num__IsGermany,num__NumOfProducts,Age-specific offer and proactive call
15743714,0.6993,High,0,num__Age,num__IsActiveMember,num__NumOfProducts,Age-specific offer and proactive call
15653696,0.0711,Low,0,cat__Gender_Male,num__IsActiveMember,cat__CreditScoreBin_Poor,Regular follow-up and general retention offer
15659355,0.1119,Low,0,num__BalanceSalaryRatio,num__Balance,num__ZeroBalance,Regular follow-up and general retention offer
15685500,0.2096,Medium,0,num__IsGermany,num__IsActiveMember,num__BalanceSalaryRatio,Review pricing and service in Germany
15757628,0.282,Medium,0,num__NumOfProducts,num__ProductsPerTenure,num__ZeroBalance,Regular follow-up and general retention offer
15583668,0.4932,High,0,cat__Gender_Male,num__NumOfProducts,num__EstimatedSalary,Regular follow-up and general retention offer
15607753,0.2867,Medium,0,num__NumOfProducts,cat__Gender_Male,num__CreditScore,Regular follow-up and general retention offer
15741417,0.2374,Medium,0,cat__Gender_Male,num__BalanceSalaryRatio,num__ZeroBalance,Regular follow-up and general retention offer
15679818,0.5394,High,1,num__IsGermany,num__NumOfProducts,cat__Geography_Germany,Review pricing and service in Germany
15764335,0.5034,High,0,num__IsGermany,num__IsActiveMember,cat__Gender_Male,Review pricing and service in Germany
15638610,0.9667,Critical,1,num__InactiveSenior,num__Age,num__IsActiveMember,Re-engagement campaign
15810775,0.4637,High,0,num__Age,num__BalanceSalaryRatio,cat__AgeGroup_51-60,Age-specific offer and proactive call
15813113,0.972,Critical,1,num__Age,num__InactiveSenior,num__NumOfProducts,Age-specific offer and proactive call
15634896,0.1351,Low,0,cat__Gender_Male,num__CreditScore,num__HasCrCard,Regular follow-up and general retention offer
15742681,0.3744,Medium,0,num__IsGermany,num__NumOfProducts,cat__Geography_Germany,Review pricing and service in Germany
15665861,0.4198,Medium,0,num__Age,num__NumOfProducts,cat__AgeGroup_41-50,Age-specific offer and proactive call
15760216,0.9114,Critical,1,num__Age,num__NumOfProducts,num__IsActiveMember,Age-specific offer and proactive call
15632609,0.544,High,0,num__IsActiveMember,num__NumOfProducts,cat__Gender_Male,Re-engagement campaign
15684722,0.1392,Low,0,num__IsActiveMember,num__BalanceSalaryRatio,num__ZeroBalance,Re-engagement campaign
15800228,0.1478,Low,0,cat__Gender_Male,cat__AgeGroup_41-50,num__Age,Regular follow-up and general retention offer
15724099,0.1497,Low,0,num__NumOfProducts,num__ProductsPerTenure,num__ZeroBalance,Regular follow-up and general retention offer
15736271,0.4303,Medium,0,num__NumOfProducts,cat__Gender_Male,num__IsActiveMember,Regular follow-up and general retention offer
15767626,0.0732,Low,0,cat__AgeGroup_41-50,num__Age,num__EstimatedSalary,Age-specific offer and proactive call
15743760,0.1056,Low,0,num__EstimatedSalary,num__BalanceSalaryRatio,num__ZeroBalance,Regular follow-up and general retention offer
15734999,0.3492,Medium,0,num__NumOfProducts,num__IsActiveMember,num__BalanceSalaryRatio,Regular follow-up and general retention offer
15794276,0.6428,High,0,num__NumOfProducts,num__Age,num__Balance,Regular follow-up and general retention offer
15637876,0.6207,High,1,num__NumOfProducts,num__IsGermany,num__IsActiveMember,Regular follow-up and general retention offer
15711521,0.2634,Medium,0,num__NumOfProducts,num__TenureByAge,num__CreditScore,Regular follow-up and general retention offer
15640409,0.838,Critical,1,num__Age,num__IsGermany,num__NumOfProducts,Age-specific offer and proactive call
15809347,0.4517,High,0,num__IsGermany,num__NumOfProducts,num__IsActiveMember,Review pricing and service in Germany
15790846,0.5061,High,0,num__IsGermany,num__NumOfProducts,cat__Geography_Germany,Review pricing and service in Germany
15579892,0.1644,Low,0,num__NumOfProducts,cat__Geography_France,num__ProductsPerTenure,Regular follow-up and general retention offer
15596011,0.3024,Medium,0,num__NumOfProducts,num__Balance,num__BalanceSalaryRatio,Regular follow-up and general retention offer
15713483,0.9535,Critical,1,num__Age,num__InactiveSenior,num__NumOfProducts,Age-specific offer and proactive call
15650244,0.1312,Low,0,num__IsActiveMember,num__BalanceSalaryRatio,num__ZeroBalance,Re-engagement campaign
15814940,0.0914,Low,0,cat__Gender_Male,num__EstimatedSalary,cat__Geography_Spain,Regular follow-up and general retention offer
15642162,0.5413,High,1,num__IsGermany,num__NumOfProducts,num__IsActiveMember,Review pricing and service in Germany
15716800,0.0371,Low,0,num__TenureByAge,num__CreditScore,cat__AgeGroup_18-30,Age-specific offer and proactive call
15649183,0.7798,Critical,0,num__NumOfProducts,num__HighProductCount,cat__Gender_Male,Immediate review by Relationship Manager
15786153,0.6617,High,0,num__Age,num__IsGermany,num__IsActiveMember,Age-specific offer and proactive call
15612627,0.2268,Medium,0,num__IsGermany,num__IsActiveMember,num__BalanceSalaryRatio,Review pricing and service in Germany
15567893,0.2483,Medium,0,num__IsGermany,num__IsActiveMember,num__BalanceSalaryRatio,Review pricing and service in Germany
15702806,0.394,Medium,0,num__NumOfProducts,num__IsActiveMember,num__Balance,Regular follow-up and general retention offer
15710316,0.6421,High,0,num__Age,num__NumOfProducts,cat__Gender_Male,Age-specific offer and proactive call
15659949,0.0967,Low,0,num__IsActiveMember,num__BalanceSalaryRatio,num__ZeroBalance,Re-engagement campaign
15776096,0.2464,Medium,0,num__NumOfProducts,num__EstimatedSalary,cat__Geography_France,Regular follow-up and general retention offer
15801256,0.2054,Medium,0,num__Age,cat__AgeGroup_41-50,num__HasCrCard,Age-specific offer and proactive call
15769522,0.5658,High,0,num__Age,num__NumOfProducts,num__TenureByAge,Age-specific offer and proactive call
15652289,0.3192,Medium,0,num__Age,num__IsActiveMember,cat__AgeGroup_41-50,Age-specific offer and proactive call
15662403,0.2129,Medium,0,cat__Gender_Male,num__IsActiveMember,num__BalanceSalaryRatio,Regular follow-up and general retention offer
15781987,0.1573,Low,0,num__NumOfProducts,num__ProductsPerTenure,num__ZeroBalance,Regular follow-up and general retention offer
15727311,0.2118,Medium,0,num__ProductsPerTenure,cat__Gender_Male,num__BalanceSalaryRatio,Regular follow-up and general retention offer
15698749,0.5358,High,0,num__NumOfProducts,num__IsGermany,num__IsActiveMember,Regular follow-up and general retention offer
15750602,0.262,Medium,0,num__NumOfProducts,num__IsActiveMember,num__BalanceSalaryRatio,Regular follow-up and general retention offer
15757632,0.4749,High,0,num__IsActiveMember,num__Balance,cat__Gender_Male,Re-engagement campaign
15792107,0.4904,High,0,num__NumOfProducts,cat__Gender_Male,num__Balance,Regular follow-up and general retention offer
15805690,0.621,High,1,num__NumOfProducts,num__IsActiveMember,cat__Gender_Male,Regular follow-up and general retention offer
15701074,0.4175,Medium,0,num__IsGermany,num__NumOfProducts,cat__Geography_Germany,Review pricing and service in Germany
15809654,0.4992,High,0,num__Age,cat__Gender_Male,num__BalanceSalaryRatio,Age-specific offer and proactive call
15742834,0.721,Critical,0,num__Age,num__NumOfProducts,num__Balance,Age-specific offer and proactive call
15636572,0.0684,Low,0,cat__Gender_Male,cat__AgeGroup_18-30,cat__Geography_Spain,Regular follow-up and general retention offer
15810660,0.1702,Low,0,num__IsGermany,num__BalanceSalaryRatio,num__Balance,Review pricing and service in Germany
15703482,0.2141,Medium,0,num__IsGermany,num__IsActiveMember,num__BalanceSalaryRatio,Review pricing and service in Germany
15774402,0.4741,High,0,num__NumOfProducts,num__EstimatedSalary,num__Balance,Regular follow-up and general retention offer
15762331,0.4455,Medium,0,num__IsActiveMember,num__NumOfProducts,num__Balance,Re-engagement campaign
15644878,0.677,High,0,num__Age,num__IsActiveMember,num__NumOfProducts,Age-specific offer and proactive call
15690796,0.5596,High,0,num__NumOfProducts,num__IsActiveMember,num__Balance,Regular follow-up and general retention offer
15755138,0.0422,Low,0,cat__Gender_Male,cat__AgeGroup_18-30,cat__Geography_Spain,Regular follow-up and general retention offer
15792916,0.4293,Medium,0,num__NumOfProducts,cat__Gender_Male,num__CreditScore,Regular follow-up and general retention offer
15654222,0.2009,Medium,0,num__NumOfProducts,num__EstimatedSalary,cat__Geography_France,Regular follow-up and general retention offer
15723320,0.2187,Medium,0,num__IsGermany,num__IsActiveMember,cat__Gender_Male,Review pricing and service in Germany
15761886,0.1934,Low,0,num__NumOfProducts,num__ZeroBalance,num__BalanceSalaryRatio,Regular follow-up and general retention offer
15724223,0.9744,Critical,1,num__Age,num__InactiveSenior,num__NumOfProducts,Age-specific offer and proactive call
15784286,0.2927,Medium,0,num__NumOfProducts,num__ProductsPerTenure,cat__Geography_France,Regular follow-up and general retention offer
15685309,0.4292,Medium,1,num__NumOfProducts,cat__Gender_Male,num__Balance,Regular follow-up and general retention offer
15726167,0.051,Low,0,cat__AgeGroup_18-30,num__TenureByAge,num__Tenure,Age-specific offer and proactive call
15635703,0.6151,High,0,num__IsGermany,num__NumOfProducts,cat__Gender_Male,Review pricing and service in Germany
15627801,0.411,Medium,0,num__IsActiveMember,num__NumOfProducts,num__Balance,Re-engagement campaign
15636478,0.1624,Low,0,num__NumOfProducts,num__ProductsPerTenure,num__TenureByAge,Regular follow-up and general retention offer
15716023,0.0371,Low,0,num__EstimatedSalary,num__HasCrCard,cat__AgeGroup_18-30,Regular follow-up and general retention offer
15723153,0.0606,Low,0,num__IsActiveMember,cat__Geography_France,cat__Geography_Spain,Re-engagement campaign
15654296,0.442,Medium,0,num__NumOfProducts,num__IsActiveMember,cat__Gender_Male,Regular follow-up and general retention offer
15776939,0.7588,Critical,0,num__Age,num__IsActiveMember,num__IsGermany,Age-specific offer and proactive call
15743293,0.9823,Critical,1,num__NumOfProducts,num__HighProductCount,num__ProductsPerTenure,Immediate review by Relationship Manager
15747208,0.9436,Critical,1,num__Age,num__InactiveSenior,num__NumOfProducts,Age-specific offer and proactive call
15611058,0.5639,High,1,num__Age,num__IsGermany,cat__Gender_Male,Age-specific offer and proactive call
15572093,0.2767,Medium,0,num__NumOfProducts,num__IsActiveMember,cat__Gender_Male,Regular follow-up and general retention offer
15629575,0.3421,Medium,1,num__IsActiveMember,num__NumOfProducts,num__EstimatedSalary,Re-engagement campaign
15569451,0.1928,Low,0,num__NumOfProducts,num__CreditScore,num__ZeroBalance,Regular follow-up and general retention offer
15623357,0.4381,Medium,0,num__IsGermany,num__NumOfProducts,num__EstimatedSalary,Review pricing and service in Germany
15677307,0.7834,Critical,0,num__IsGermany,num__NumOfProducts,num__IsActiveMember,Review pricing and service in Germany
15624424,0.3562,Medium,0,num__Age,cat__Gender_Male,num__TenureByAge,Age-specific offer and proactive call
15737521,0.3703,Medium,0,num__IsGermany,num__IsActiveMember,num__BalanceSalaryRatio,Review pricing and service in Germany
15623791,0.595,High,0,cat__Gender_Male,num__IsActiveMember,num__NumOfProducts,Regular follow-up and general retention offer
15798850,0.0563,Low,0,num__IsActiveMember,num__TenureByAge,cat__CreditScoreBin_Poor,Re-engagement campaign
15721835,0.22,Medium,0,num__NumOfProducts,num__IsActiveMember,num__Balance,Regular follow-up and general retention offer
15730441,0.0365,Low,0,num__CreditScore,cat__CreditScoreBin_Poor,cat__CreditScoreBin_Fair,Regular follow-up and general retention offer
15751912,0.0514,Low,0,num__CreditScore,num__HasCrCard,cat__CreditScoreBin_Poor,Regular follow-up and general retention offer
15764226,0.4367,Medium,0,num__IsGermany,num__NumOfProducts,cat__Gender_Male,Review pricing and service in Germany
15687218,0.2061,Medium,0,num__NumOfProducts,cat__Gender_Male,num__HasCrCard,Regular follow-up and general retention offer
15716347,0.2196,Medium,0,num__IsGermany,num__BalanceSalaryRatio,num__Balance,Review pricing and service in Germany
15683544,0.6648,High,0,num__Age,num__NumOfProducts,num__Balance,Age-specific offer and proactive call
15658675,0.5269,High,0,num__IsGermany,num__NumOfProducts,cat__Geography_Germany,Review pricing and service in Germany
15632118,0.6603,High,1,num__Age,num__IsActiveMember,num__NumOfProducts,Age-specific offer and proactive call
15625426,0.965,Critical,1,num__Age,num__InactiveSenior,num__IsActiveMember,Age-specific offer and proactive call
15627251,0.1831,Low,0,num__NumOfProducts,num__EstimatedSalary,num__CreditScore,Regular follow-up and general retention offer
15789563,0.8234,Critical,1,num__Age,num__IsGermany,num__NumOfProducts,Age-specific offer and proactive call
15700696,0.1794,Low,0,num__NumOfProducts,num__BalanceSalaryRatio,cat__Geography_France,Regular follow-up and general retention offer
15572390,0.1081,Low,0,num__IsActiveMember,cat__Gender_Male,cat__Geography_France,Re-engagement campaign
15588535,0.1694,Low,0,cat__Gender_Male,num__IsActiveMember,cat__Geography_France,Regular follow-up and general retention offer
15741180,0.5314,High,0,num__Age,num__NumOfProducts,cat__AgeGroup_51-60,Age-specific offer and proactive call
15723217,0.5141,High,0,num__NumOfProducts,num__IsActiveMember,num__Balance,Regular follow-up and general retention offer
15702789,0.3739,Medium,0,num__IsGermany,num__NumOfProducts,cat__Geography_Germany,Review pricing and service in Germany
15619514,0.6966,High,1,num__IsGermany,num__NumOfProducts,num__IsActiveMember,Review pricing and service in Germany
15778884,0.2195,Medium,0,cat__Gender_Male,num__BalanceSalaryRatio,num__EstimatedSalary,Regular follow-up and general retention offer
15585865,0.3324,Medium,1,cat__Gender_Male,num__IsActiveMember,num__BalanceSalaryRatio,Regular follow-up and general retention offer
15788367,0.4452,Medium,0,num__Age,num__NumOfProducts,cat__AgeGroup_41-50,Age-specific offer and proactive call
15737778,0.7463,Critical,0,num__NumOfProducts,num__IsActiveMember,cat__Gender_Male,Regular follow-up and general retention offer
15569572,0.0851,Low,0,cat__AgeGroup_41-50,num__Age,cat__AgeGroup_18-30,Age-specific offer and proactive call
15685245,0.3783,Medium,0,num__Age,cat__Gender_Male,cat__AgeGroup_51-60,Age-specific offer and proactive call
15566139,0.5276,High,0,num__NumOfProducts,num__IsActiveMember,cat__Gender_Male,Regular follow-up and general retention offer
15653937,0.9693,Critical,1,num__Age,num__InactiveSenior,num__NumOfProducts,Age-specific offer and proactive call
15726358,0.0593,Low,0,num__IsActiveMember,num__TenureByAge,cat__CreditScoreBin_Fair,Re-engagement campaign
15812272,0.4365,Medium,1,num__Age,num__IsGermany,num__BalanceSalaryRatio,Age-specific offer and proactive call
15628059,0.206,Medium,0,num__Age,num__TenureByAge,num__CreditScore,Age-specific offer and proactive call
15664737,0.1264,Low,0,cat__Gender_Male,num__EstimatedSalary,cat__Geography_France,Regular follow-up and general retention offer
15769703,0.8853,Critical,1,num__Age,num__IsGermany,num__NumOfProducts,Age-specific offer and proactive call
15572792,0.2019,Medium,0,num__NumOfProducts,cat__Geography_France,num__ProductsPerTenure,Regular follow-up and general retention offer
15640161,0.5071,High,0,num__Age,num__IsGermany,num__IsActiveMember,Age-specific offer and proactive call
15800412,0.1812,Low,0,num__IsGermany,num__BalanceSalaryRatio,cat__Geography_Germany,Review pricing and service in Germany
15607509,0.0949,Low,0,num__IsActiveMember,num__CreditScore,cat__CreditScoreBin_Poor,Re-engagement campaign
15788025,0.3151,Medium,0,num__ProductsPerTenure,cat__Gender_Male,num__EstimatedSalary,Regular follow-up and general retention offer
15594041,0.5717,High,0,num__NumOfProducts,num__IsActiveMember,cat__Gender_Male,Regular follow-up and general retention offer
15695475,0.0927,Low,0,num__BalanceSalaryRatio,num__EstimatedSalary,num__ZeroBalance,Regular follow-up and general retention offer
15781702,0.2193,Medium,0,num__IsGermany,num__BalanceSalaryRatio,num__Balance,Review pricing and service in Germany
15779176,0.9872,Critical,1,num__NumOfProducts,num__HighProductCount,num__Age,Immediate review by Relationship Manager
15791326,0.4779,High,0,num__NumOfProducts,num__IsActiveMember,num__Balance,Regular follow-up and general retention offer
15710366,0.6381,High,1,num__NumOfProducts,cat__Gender_Male,num__Balance,Regular follow-up and general retention offer
15775293,0.2765,Medium,0,num__IsActiveMember,num__NumOfProducts,num__TenureByAge,Re-engagement campaign
15786200,0.0573,Low,0,num__IsActiveMember,num__TenureByAge,cat__CreditScoreBin_Poor,Re-engagement campaign
15704657,0.3708,Medium,1,num__NumOfProducts,num__IsActiveMember,num__TenureByAge,Regular follow-up and general retention offer
15645029,0.1002,Low,0,cat__Gender_Male,num__IsActiveMember,cat__Geography_France,Regular follow-up and general retention offer
15597945,0.1268,Low,0,cat__Gender_Male,num__IsActiveMember,num__EstimatedSalary,Regular follow-up and general retention offer
15583394,0.2222,Medium,0,num__IsGermany,num__BalanceSalaryRatio,cat__Geography_Germany,Review pricing and service in Germany
15584114,0.4924,High,0,num__Age,num__IsGermany,cat__Gender_Male,Age-specific offer and proactive call
15627365,0.3035,Medium,0,num__Age,num__ProductsPerTenure,num__CreditScore,Age-specific offer and proactive call
15571281,0.1553,Low,0,num__NumOfProducts,num__ProductsPerTenure,num__ZeroBalance,Regular follow-up and general retention offer
15714680,0.0541,Low,0,cat__Gender_Male,num__NumOfProducts,num__ZeroBalance,Regular follow-up and general retention offer
15705890,0.6759,High,0,num__Age,num__IsActiveMember,num__NumOfProducts,Age-specific offer and proactive call
15673907,0.0345,Low,0,num__IsActiveMember,num__HasCrCard,num__Tenure,Re-engagement campaign
15689201,0.6735,High,0,num__Age,num__NumOfProducts,cat__Gender_Male,Age-specific offer and proactive call
15757897,0.2057,Medium,0,num__NumOfProducts,cat__Gender_Male,num__BalanceSalaryRatio,Regular follow-up and general retention offer
15635531,0.1225,Low,0,cat__Gender_Male,num__IsActiveMember,num__EstimatedSalary,Regular follow-up and general retention offer
15646490,0.383,Medium,0,num__NumOfProducts,num__Balance,cat__AgeGroup_41-50,Regular follow-up and general retention offer
15589019,0.306,Medium,0,cat__Gender_Male,num__NumOfProducts,num__EstimatedSalary,Regular follow-up and general retention offer
15599211,0.1087,Low,1,num__IsActiveMember,cat__CreditScoreBin_Fair,num__TenureByAge,Re-engagement campaign
15680001,0.2104,Medium,0,num__IsActiveMember,num__BalanceSalaryRatio,num__ZeroBalance,Re-engagement campaign
15801832,0.6396,High,1,num__IsGermany,num__NumOfProducts,cat__Geography_Germany,Review pricing and service in Germany
15631813,0.0643,Low,0,num__CreditScore,cat__AgeGroup_18-30,cat__AgeGroup_60+,Regular follow-up and general retention offer
15566563,0.3368,Medium,1,num__IsActiveMember,num__NumOfProducts,cat__Gender_Male,Re-engagement campaign
15598892,0.0727,Low,0,num__IsActiveMember,num__ZeroBalance,num__TenureByAge,Re-engagement campaign
15579223,0.5391,High,0,num__IsGermany,num__NumOfProducts,num__IsActiveMember,Review pricing and service in Germany
15653572,0.4335,Medium,1,num__Age,num__NumOfProducts,cat__AgeGroup_41-50,Age-specific offer and proactive call
15726494,0.6708,High,1,num__Age,num__IsActiveMember,num__NumOfProducts,Age-specific offer and proactive call
15710012,0.1943,Low,1,num__Age,num__IsActiveMember,cat__AgeGroup_41-50,Age-specific offer and proactive call
15752186,0.0819,Low,0,cat__Gender_Male,num__IsActiveMember,cat__CreditScoreBin_Fair,Regular follow-up and general retention offer
15733387,0.6323,High,0,num__Age,cat__Gender_Male,num__NumOfProducts,Age-specific offer and proactive call
15749103,0.8569,Critical,1,num__Age,num__IsGermany,num__NumOfProducts,Age-specific offer and proactive call
15763414,0.4389,Medium,0,num__IsGermany,num__NumOfProducts,num__IsActiveMember,Review pricing and service in Germany
15583552,0.7916,Critical,0,num__Age,num__IsGermany,num__NumOfProducts,Age-specific offer and proactive call
15693764,0.903,Critical,1,num__Age,num__InactiveSenior,num__IsActiveMember,Age-specific offer and proactive call
15699309,0.6384,High,1,num__NumOfProducts,num__IsActiveMember,cat__Gender_Male,Regular follow-up and general retention offer
15757568,0.7448,Critical,0,num__Age,num__NumOfProducts,cat__Gender_Male,Age-specific offer and proactive call
15743075,0.0433,Low,0,cat__AgeGroup_18-30,cat__AgeGroup_60+,cat__CreditScoreBin_Good,Age-specific offer and proactive call
15728564,0.0842,Low,1,cat__AgeGroup_41-50,num__HasCrCard,cat__AgeGroup_18-30,Age-specific offer and proactive call
15623502,0.6679,High,0,num__Age,cat__Gender_Male,num__NumOfProducts,Age-specific offer and proactive call
15815040,0.7377,Critical,1,num__IsGermany,num__NumOfProducts,cat__Gender_Male,Review pricing and service in Germany
15696514,0.7569,Critical,0,num__IsGermany,num__NumOfProducts,num__IsActiveMember,Review pricing and service in Germany
15775750,0.3741,Medium,0,num__IsActiveMember,num__NumOfProducts,num__BalanceSalaryRatio,Re-engagement campaign
15809838,0.0489,Low,0,num__IsActiveMember,cat__Geography_France,cat__Geography_Spain,Re-engagement campaign
15621075,0.6619,High,0,num__Age,num__IsGermany,num__IsActiveMember,Age-specific offer and proactive call
15742607,0.3995,Medium,0,num__IsGermany,num__NumOfProducts,cat__Geography_Germany,Review pricing and service in Germany
15574947,0.1346,Low,0,num__BalanceSalaryRatio,num__ZeroBalance,num__HasCrCard,Regular follow-up and general retention offer
15575619,0.2558,Medium,0,num__NumOfProducts,cat__Gender_Male,cat__Geography_France,Regular follow-up and general retention offer
15650545,0.2543,Medium,0,num__NumOfProducts,num__Age,num__EstimatedSalary,Regular follow-up and general retention offer
15765461,0.3496,Medium,0,num__Age,num__IsActiveMember,num__EstimatedSalary,Age-specific offer and proactive call
15598802,0.0314,Low,0,cat__Geography_France,num__HasCrCard,cat__AgeGroup_60+,Regular follow-up and general retention offer
15815615,0.2062,Medium,0,num__NumOfProducts,num__EstimatedSalary,num__ProductsPerTenure,Regular follow-up and general retention offer
15584785,0.3382,Medium,0,num__NumOfProducts,num__IsActiveMember,num__ZeroBalance,Regular follow-up and general retention offer
15594915,0.091,Low,0,cat__Gender_Male,num__HasCrCard,cat__AgeGroup_18-30,Regular follow-up and general retention offer
15688059,0.3723,Medium,0,num__IsGermany,cat__Gender_Male,num__BalanceSalaryRatio,Review pricing and service in Germany
15569503,0.1241,Low,0,num__Age,cat__AgeGroup_41-50,cat__AgeGroup_18-30,Age-specific offer and proactive call
15608804,0.783,Critical,0,num__Age,num__IsGermany,num__NumOfProducts,Age-specific offer and proactive call
15807961,0.2845,Medium,0,num__NumOfProducts,num__IsActiveMember,num__Balance,Regular follow-up and general retention offer
15653315,0.1386,Low,0,cat__Gender_Male,num__IsActiveMember,cat__Geography_Spain,Regular follow-up and general retention offer
15667458,0.4993,High,0,num__IsGermany,num__NumOfProducts,num__IsActiveMember,Review pricing and service in Germany
15722611,0.6339,High,0,num__Age,cat__Gender_Male,num__NumOfProducts,Age-specific offer and proactive call
15682355,0.3472,Medium,1,num__IsGermany,num__IsActiveMember,num__BalanceSalaryRatio,Review pricing and service in Germany
15620103,0.4208,Medium,0,cat__Gender_Male,num__NumOfProducts,num__EstimatedSalary,Regular follow-up and general retention offer
15815490,0.9687,Critical,1,num__NumOfProducts,num__HighProductCount,num__BalanceSalaryRatio,Immediate review by Relationship Manager
15603170,0.1954,Low,1,num__NumOfProducts,num__IsActiveMember,num__EstimatedSalary,Regular follow-up and general retention offer
15776494,0.4517,High,1,num__Age,num__NumOfProducts,num__ZeroBalance,Age-specific offer and proactive call
15767921,0.121,Low,0,num__IsActiveMember,cat__AgeGroup_41-50,num__CreditScore,Re-engagement campaign
15702337,0.058,Low,0,num__CreditScore,cat__AgeGroup_18-30,cat__AgeGroup_60+,Regular follow-up and general retention offer
15728333,0.6148,High,0,num__NumOfProducts,num__Age,num__Balance,Regular follow-up and general retention offer
15793247,0.0375,Low,0,num__CreditScore,cat__CreditScoreBin_Poor,num__TenureByAge,Regular follow-up and general retention offer
15675585,0.3431,Medium,0,num__CreditScore,num__ProductsPerTenure,cat__Gender_Male,Regular follow-up and general retention offer
15595592,0.973,Critical,1,num__Age,num__InactiveSenior,num__NumOfProducts,Age-specific offer and proactive call
15802869,0.5399,High,0,num__Age,num__IsGermany,cat__Gender_Male,Age-specific offer and proactive call
15672016,0.0406,Low,0,num__HasCrCard,cat__AgeGroup_18-30,num__EstimatedSalary,Regular follow-up and general retention offer
15767594,0.1125,Low,0,cat__Gender_Male,num__EstimatedSalary,num__CreditScore,Regular follow-up and general retention offer
15579583,0.4009,Medium,0,cat__Gender_Male,num__NumOfProducts,cat__Geography_France,Regular follow-up and general retention offer
15798084,0.0651,Low,0,num__ProductsPerTenure,num__IsActiveMember,num__TenureByAge,Regular follow-up and general retention offer
15771059,0.6052,High,0,num__IsGermany,num__NumOfProducts,num__IsActiveMember,Review pricing and service in Germany
15659366,0.4034,Medium,1,num__Age,num__IsActiveMember,num__BalanceSalaryRatio,Age-specific offer and proactive call
15621685,0.1401,Low,0,num__IsActiveMember,num__BalanceSalaryRatio,num__ZeroBalance,Re-engagement campaign
15631359,0.4798,High,0,num__IsActiveMember,num__NumOfProducts,cat__Gender_Male,Re-engagement campaign
15777614,0.3109,Medium,0,num__Age,cat__Gender_Male,num__TenureByAge,Age-specific offer and proactive call
15618203,0.5357,High,0,num__Age,num__IsGermany,num__BalanceSalaryRatio,Age-specific offer and proactive call
15813034,0.2435,Medium,0,num__NumOfProducts,cat__Geography_France,num__ZeroBalance,Regular follow-up and general retention offer
15723604,0.4041,Medium,0,num__NumOfProducts,num__IsActiveMember,num__BalanceSalaryRatio,Regular follow-up and general retention offer
15766166,0.4731,High,0,num__Age,num__NumOfProducts,cat__AgeGroup_41-50,Age-specific offer and proactive call
15787825,0.4837,High,0,num__IsGermany,num__NumOfProducts,cat__Geography_Germany,Review pricing and service in Germany
15646817,0.8479,Critical,0,num__Age,num__InactiveSenior,num__IsActiveMember,Age-specific offer and proactive call
15610753,0.1588,Low,0,num__NumOfProducts,num__BalanceSalaryRatio,num__ZeroBalance,Regular follow-up and general retention offer
15594576,0.229,Medium,0,num__NumOfProducts,num__IsActiveMember,num__EstimatedSalary,Regular follow-up and general retention offer
15795640,0.3506,Medium,0,num__IsGermany,num__IsActiveMember,cat__Gender_Male,Review pricing and service in Germany
15615004,0.1049,Low,0,cat__Gender_Male,cat__AgeGroup_18-30,cat__CreditScoreBin_Fair,Regular follow-up and general retention offer
15743673,0.2069,Medium,1,num__NumOfProducts,cat__Geography_France,num__CreditScore,Regular follow-up and general retention offer
15598331,0.5664,High,0,num__IsActiveMember,num__NumOfProducts,cat__Gender_Male,Re-engagement campaign
15660535,0.3376,Medium,0,num__Age,cat__Gender_Male,num__EstimatedSalary,Age-specific offer and proactive call
15608114,0.5181,High,0,num__Age,num__NumOfProducts,num__BalanceSalaryRatio,Age-specific offer and proactive call
15662232,0.3877,Medium,0,num__IsGermany,num__IsActiveMember,num__BalanceSalaryRatio,Review pricing and service in Germany
15634936,0.3614,Medium,0,num__NumOfProducts,num__Balance,cat__AgeGroup_41-50,Regular follow-up and general retention offer
15654074,0.3635,Medium,0,num__IsActiveMember,num__NumOfProducts,num__ProductsPerTenure,Re-engagement campaign
15586300,0.0737,Low,0,num__Age,num__CreditScore,cat__AgeGroup_18-30,Age-specific offer and proactive call
15698732,0.9578,Critical,0,num__Age,num__InactiveSenior,num__IsActiveMember,Age-specific offer and proactive call
15617934,0.1959,Low,0,num__NumOfProducts,num__ProductsPerTenure,num__CreditScore,Regular follow-up and general retention offer
15806049,0.9319,Critical,0,num__Age,num__IsGermany,num__NumOfProducts,Age-specific offer and proactive call
15733111,0.2002,Medium,0,num__NumOfProducts,cat__Geography_France,num__ProductsPerTenure,Regular follow-up and general retention offer
15706163,0.8697,Critical,1,num__Age,num__IsGermany,num__NumOfProducts,Age-specific offer and proactive call
15582246,0.2724,Medium,0,num__Age,cat__Gender_Male,num__EstimatedSalary,Age-specific offer and proactive call
15592570,0.0786,Low,0,num__IsActiveMember,cat__Gender_Male,cat__Geography_France,Re-engagement campaign
15633546,0.4383,Medium,0,num__NumOfProducts,num__IsActiveMember,cat__Gender_Male,Regular follow-up and general retention offer
15695225,0.051,Low,0,num__TenureByAge,cat__Geography_France,cat__AgeGroup_18-30,Age-specific offer and proactive call
15573730,0.4079,Medium,0,num__IsGermany,num__IsActiveMember,num__BalanceSalaryRatio,Review pricing and service in Germany
15743976,0.6938,High,0,num__NumOfProducts,num__IsGermany,num__Balance,Regular follow-up and general retention offer
15666181,0.2417,Medium,0,num__NumOfProducts,num__IsActiveMember,num__TenureByAge,Regular follow-up and general retention offer
15641110,0.6641,High,0,num__NumOfProducts,num__IsActiveMember,num__Balance,Regular follow-up and general retention offer
15782100,0.2048,Medium,0,num__NumOfProducts,cat__Geography_France,cat__Geography_Spain,Regular follow-up and general retention offer
15777436,0.1109,Low,0,cat__Gender_Male,num__IsActiveMember,cat__Geography_France,Regular follow-up and general retention offer
15744398,0.1055,Low,0,cat__Gender_Male,num__IsActiveMember,num__EstimatedSalary,Regular follow-up and general retention offer
15572174,0.0913,Low,0,num__BalanceSalaryRatio,num__ZeroBalance,num__HasCrCard,Regular follow-up and general retention offer
15803976,0.0906,Low,0,cat__Gender_Male,num__IsActiveMember,num__EstimatedSalary,Regular follow-up and general retention offer
15671172,0.0925,Low,0,num__EstimatedSalary,num__CreditScore,num__ZeroBalance,Regular follow-up and general retention offer
15732265,0.0494,Low,0,num__IsActiveMember,cat__AgeGroup_18-30,num__Tenure,Re-engagement campaign
15677317,0.2379,Medium,1,cat__Gender_Male,num__NumOfProducts,num__ZeroBalance,Regular follow-up and general retention offer
15757385,0.3353,Medium,0,num__NumOfProducts,cat__Gender_Male,num__IsActiveMember,Regular follow-up and general retention offer
15792722,0.6879,High,0,num__Age,num__IsActiveMember,num__NumOfProducts,Age-specific offer and proactive call
15606755,0.3873,Medium,1,num__Age,num__IsActiveMember,cat__Gender_Male,Age-specific offer and proactive call
15803378,0.1284,Low,0,num__Age,num__EstimatedSalary,cat__AgeGroup_41-50,Age-specific offer and proactive call
15578297,0.8507,Critical,1,num__Age,num__IsGermany,num__NumOfProducts,Age-specific offer and proactive call
15667632,0.1668,Low,0,cat__Gender_Male,cat__AgeGroup_41-50,num__Age,Regular follow-up and general retention offer
15731760,0.1925,Low,0,num__NumOfProducts,num__Balance,num__BalanceSalaryRatio,Regular follow-up and general retention offer
15578761,0.3897,Medium,1,cat__Gender_Male,num__BalanceSalaryRatio,num__EstimatedSalary,Regular follow-up and general retention offer
15768201,0.3086,Medium,0,num__NumOfProducts,cat__Gender_Male,num__EstimatedSalary,Regular follow-up and general retention offer
15637690,0.6203,High,1,num__IsGermany,num__NumOfProducts,num__IsActiveMember,Review pricing and service in Germany
15788535,0.7506,Critical,0,num__NumOfProducts,num__Age,num__IsActiveMember,Regular follow-up and general retention offer
15591985,0.6388,High,1,num__Age,cat__Gender_Male,num__NumOfProducts,Age-specific offer and proactive call
15771580,0.2842,Medium,0,num__NumOfProducts,cat__Gender_Male,num__TenureByAge,Regular follow-up and general retention offer
15802625,0.767,Critical,0,num__Age,num__IsGermany,num__NumOfProducts,Age-specific offer and proactive call
15802617,0.5527,High,0,num__Age,num__IsGermany,num__IsActiveMember,Age-specific offer and proactive call
15584580,0.3274,Medium,0,num__NumOfProducts,num__IsActiveMember,num__BalanceSalaryRatio,Regular follow-up and general retention offer
15736420,0.2626,Medium,1,num__Balance,num__BalanceSalaryRatio,cat__AgeGroup_31-40,Regular follow-up and general retention offer
15719779,0.1482,Low,0,num__IsGermany,num__IsActiveMember,num__BalanceSalaryRatio,Review pricing and service in Germany
15646859,0.803,Critical,0,num__Age,num__IsGermany,num__NumOfProducts,Age-specific offer and proactive call
15767894,0.0542,Low,0,cat__Gender_Male,num__EstimatedSalary,num__HasCrCard,Regular follow-up and general retention offer
15814690,0.6575,High,1,num__IsGermany,num__Age,num__NumOfProducts,Review pricing and service in Germany
15755863,0.3641,Medium,0,num__Age,cat__Gender_Male,num__TenureByAge,Age-specific offer and proactive call
15784736,0.6991,High,0,num__Age,num__IsActiveMember,num__NumOfProducts,Age-specific offer and proactive call
15756975,0.0868,Low,0,cat__Gender_Male,cat__Geography_France,cat__AgeGroup_18-30,Regular follow-up and general retention offer
15753110,0.7943,Critical,1,num__InactiveSenior,num__Age,num__IsActiveMember,Re-engagement campaign
15668575,0.9443,Critical,1,num__NumOfProducts,num__HighProductCount,num__BalanceSalaryRatio,Immediate review by Relationship Manager
15712319,0.3724,Medium,0,num__Age,num__BalanceSalaryRatio,cat__AgeGroup_41-50,Age-specific offer and proactive call
15692002,0.2212,Medium,0,num__NumOfProducts,num__EstimatedSalary,num__ProductsPerTenure,Regular follow-up and general retention offer
15789941,0.4113,Medium,0,num__NumOfProducts,num__IsActiveMember,cat__Gender_Male,Regular follow-up and general retention offer
15582762,0.0717,Low,0,num__NumOfProducts,num__Balance,num__BalanceSalaryRatio,Regular follow-up and general retention offer
15632345,0.132,Low,0,cat__Gender_Male,num__IsActiveMember,cat__CreditScoreBin_Fair,Regular follow-up and general retention offer
15720083,0.1187,Low,0,num__EstimatedSalary,cat__AgeGroup_41-50,num__CreditScore,Regular follow-up and general retention offer
15739858,0.6906,High,1,num__Age,num__NumOfProducts,num__Balance,Age-specific offer and proactive call
15697034,0.0833,Low,0,cat__Gender_Male,num__CreditScore,cat__Geography_Spain,Regular follow-up and general retention offer
15735400,0.2915,Medium,0,num__Balance,num__NumOfProducts,num__IsActiveMember,Regular follow-up and general retention offer
15726310,0.1009,Low,0,cat__Gender_Male,num__IsActiveMember,num__EstimatedSalary,Regular follow-up and general retention offer
15708063,0.9503,Critical,1,num__NumOfProducts,num__HighProductCount,num__BalanceSalaryRatio,Immediate review by Relationship Manager
15811690,0.9643,Critical,1,num__Age,num__InactiveSenior,num__IsActiveMember,Age-specific offer and proactive call
15646535,0.6962,High,0,num__Age,num__IsActiveMember,num__NumOfProducts,Age-specific offer and proactive call
15810454,0.1537,Low,0,num__NumOfProducts,num__HasCrCard,num__TenureByAge,Regular follow-up and general retention offer
15609254,0.376,Medium,0,cat__Gender_Male,num__BalanceSalaryRatio,cat__AgeGroup_41-50,Regular follow-up and general retention offer
15794414,0.5196,High,0,num__Age,num__NumOfProducts,cat__AgeGroup_41-50,Age-specific offer and proactive call
15799811,0.6057,High,1,num__NumOfProducts,num__IsActiveMember,num__Balance,Regular follow-up and general retention offer
15589660,0.4352,Medium,0,num__IsGermany,num__NumOfProducts,cat__Gender_Male,Review pricing and service in Germany
15773260,0.314,Medium,0,num__NumOfProducts,num__IsActiveMember,cat__Gender_Male,Regular follow-up and general retention offer
15747821,0.6176,High,0,num__IsGermany,num__NumOfProducts,num__IsActiveMember,Review pricing and service in Germany
15581620,0.6259,High,0,num__NumOfProducts,num__HighProductCount,num__TenureByAge,Immediate review by Relationship Manager
15758510,0.0455,Low,0,num__IsActiveMember,cat__CreditScoreBin_Poor,cat__CreditScoreBin_Fair,Re-engagement campaign
15797381,0.637,High,1,num__Age,num__IsGermany,cat__Gender_Male,Age-specific offer and proactive call
15586880,0.3226,Medium,0,num__IsGermany,num__BalanceSalaryRatio,num__Balance,Review pricing and service in Germany
15720687,0.6285,High,1,num__NumOfProducts,num__IsActiveMember,cat__Gender_Male,Regular follow-up and general retention offer
15792180,0.1926,Low,0,num__IsGermany,num__IsActiveMember,num__BalanceSalaryRatio,Review pricing and service in Germany
15654859,0.9042,Critical,1,num__Age,num__InactiveSenior,num__IsActiveMember,Age-specific offer and proactive call
15704483,0.1127,Low,0,num__IsActiveMember,cat__CreditScoreBin_Fair,cat__AgeGroup_18-30,Re-engagement campaign
15572361,0.5893,High,0,num__NumOfProducts,num__IsGermany,num__IsActiveMember,Regular follow-up and general retention offer
15796071,0.2637,Medium,0,num__NumOfProducts,num__IsActiveMember,cat__Geography_France,Regular follow-up and general retention offer
15736302,0.1866,Low,0,num__Age,cat__AgeGroup_41-50,num__TenureByAge,Age-specific offer and proactive call
15752838,0.0551,Low,0,cat__Geography_France,cat__AgeGroup_18-30,cat__Geography_Spain,Regular follow-up and general retention offer
15596624,0.0607,Low,0,cat__Gender_Male,num__Tenure,cat__AgeGroup_60+,Regular follow-up and general retention offer
15646942,0.1671,Low,0,cat__Gender_Male,num__IsActiveMember,cat__Geography_France,Regular follow-up and general retention offer
15728006,0.5879,High,0,num__IsActiveMember,num__NumOfProducts,num__Balance,Re-engagement campaign
15665222,0.9192,Critical,0,num__Age,num__InactiveSenior,num__IsActiveMember,Age-specific offer and proactive call
15576263,0.4409,Medium,0,num__NumOfProducts,num__IsActiveMember,cat__Gender_Male,Regular follow-up and general retention offer
15668323,0.5575,High,1,num__NumOfProducts,num__IsActiveMember,cat__Gender_Male,Regular follow-up and general retention offer
15781665,0.6211,High,0,num__NumOfProducts,num__IsActiveMember,cat__Gender_Male,Regular follow-up and general retention offer
15763274,0.7364,Critical,0,num__Age,num__IsActiveMember,num__NumOfProducts,Age-specific offer and proactive call
15798824,0.4535,High,0,num__ProductsPerTenure,num__BalanceSalaryRatio,num__EstimatedSalary,Regular follow-up and general retention offer
15782875,0.1064,Low,0,num__BalanceSalaryRatio,num__ZeroBalance,num__TenureByAge,Regular follow-up and general retention offer
15737385,0.3979,Medium,0,num__Age,cat__Gender_Male,num__IsActiveMember,Age-specific offer and proactive call
15711834,0.479,High,1,num__NumOfProducts,num__IsActiveMember,cat__Gender_Male,Regular follow-up and general retention offer
15812720,0.1958,Low,0,num__IsGermany,num__BalanceSalaryRatio,num__Balance,Review pricing and service in Germany
15656717,0.1098,Low,0,cat__Gender_Male,num__IsActiveMember,num__EstimatedSalary,Regular follow-up and general retention offer
15790455,0.8061,Critical,1,num__Age,num__NumOfProducts,cat__Gender_Male,Age-specific offer and proactive call
15627517,0.2985,Medium,0,num__NumOfProducts,num__IsActiveMember,cat__Geography_France,Regular follow-up and general retention offer
15615430,0.7761,Critical,1,num__Age,num__IsGermany,num__NumOfProducts,Age-specific offer and proactive call
15785705,0.8589,Critical,1,num__IsGermany,num__Age,num__NumOfProducts,Review pricing and service in Germany
15750929,0.0961,Low,0,num__IsActiveMember,cat__Geography_France,cat__AgeGroup_18-30,Re-engagement campaign
15744240,0.8388,Critical,0,num__Age,num__IsGermany,num__NumOfProducts,Age-specific offer and proactive call
15645184,0.0485,Low,0,num__IsActiveMember,num__TenureByAge,num__EstimatedSalary,Re-engagement campaign
15715769,0.166,Low,0,num__NumOfProducts,num__TenureByAge,num__HasCrCard,Regular follow-up and general retention offer
15633586,0.4975,High,0,num__NumOfProducts,num__IsActiveMember,cat__Gender_Male,Regular follow-up and general retention offer
15602844,0.4333,Medium,0,num__NumOfProducts,num__IsActiveMember,num__EstimatedSalary,Regular follow-up and general retention offer
15790497,0.0886,Low,0,num__IsActiveMember,cat__CreditScoreBin_Poor,cat__Geography_France,Re-engagement campaign
15771569,0.7866,Critical,0,num__Age,num__IsGermany,num__NumOfProducts,Age-specific offer and proactive call
15718057,0.9451,Critical,1,num__Age,num__InactiveSenior,num__IsActiveMember,Age-specific offer and proactive call
15684469,0.5433,High,0,num__IsGermany,num__NumOfProducts,num__IsActiveMember,Review pricing and service in Germany
15753874,0.2558,Medium,0,num__NumOfProducts,num__BalanceSalaryRatio,num__ProductsPerTenure,Regular follow-up and general retention offer
15607275,0.2226,Medium,1,num__Balance,num__BalanceSalaryRatio,num__ZeroBalance,Regular follow-up and general retention offer
15751392,0.8009,Critical,1,num__Age,num__InactiveSenior,num__IsActiveMember,Age-specific offer and proactive call
15782364,0.5186,High,0,num__IsActiveMember,num__NumOfProducts,cat__Gender_Male,Re-engagement campaign
15768219,0.0879,Low,0,num__ProductsPerTenure,num__IsActiveMember,num__TenureByAge,Regular follow-up and general retention offer
15574115,0.3021,Medium,0,cat__Gender_Male,num__BalanceSalaryRatio,cat__AgeGroup_41-50,Regular follow-up and general retention offer
15716324,0.1978,Low,0,num__NumOfProducts,cat__Gender_Male,num__ProductsPerTenure,Regular follow-up and general retention offer
15587913,0.2103,Medium,0,cat__Gender_Male,num__IsActiveMember,cat__Geography_France,Regular follow-up and general retention offer
15730579,0.2356,Medium,0,num__NumOfProducts,num__EstimatedSalary,num__Age,Regular follow-up and general retention offer
15624993,0.2829,Medium,1,cat__Gender_Male,num__NumOfProducts,num__ProductsPerTenure,Regular follow-up and general retention offer
15598493,0.2005,Medium,0,num__Age,cat__AgeGroup_41-50,num__HasCrCard,Age-specific offer and proactive call
15726313,0.694,High,0,num__Age,num__InactiveSenior,num__IsActiveMember,Age-specific offer and proactive call
15748797,0.5525,High,1,num__NumOfProducts,num__IsActiveMember,cat__Gender_Male,Regular follow-up and general retention offer
15723299,0.5255,High,1,num__Age,num__NumOfProducts,cat__AgeGroup_51-60,Age-specific offer and proactive call
15570271,0.3994,Medium,0,num__NumOfProducts,num__Balance,num__EstimatedSalary,Regular follow-up and general retention offer
15725679,0.9117,Critical,1,num__Age,num__NumOfProducts,num__IsActiveMember,Age-specific offer and proactive call
15718852,0.5124,High,0,num__Age,num__NumOfProducts,cat__AgeGroup_51-60,Age-specific offer and proactive call
15758901,0.8998,Critical,1,num__Age,num__NumOfProducts,num__IsActiveMember,Age-specific offer and proactive call
15711446,0.9802,Critical,1,num__NumOfProducts,num__Age,num__InactiveSenior,Immediate review by Relationship Manager
15714380,0.0788,Low,0,num__IsActiveMember,cat__CreditScoreBin_Fair,cat__AgeGroup_18-30,Re-engagement campaign
15590094,0.3053,Medium,0,num__IsGermany,num__IsActiveMember,num__BalanceSalaryRatio,Review pricing and service in Germany
15623062,0.3161,Medium,0,num__IsGermany,num__NumOfProducts,cat__Geography_Germany,Review pricing and service in Germany
15712483,0.1021,Low,1,cat__Gender_Male,num__IsActiveMember,cat__Geography_France,Regular follow-up and general retention offer
15605804,0.2738,Medium,0,num__Age,num__IsActiveMember,cat__AgeGroup_41-50,Age-specific offer and proactive call
15604146,0.3352,Medium,0,num__IsGermany,cat__Gender_Male,num__BalanceSalaryRatio,Review pricing and service in Germany
15629187,0.4161,Medium,0,num__NumOfProducts,num__IsActiveMember,num__BalanceSalaryRatio,Regular follow-up and general retention offer
15736778,0.6168,High,0,num__Age,num__IsGermany,cat__Gender_Male,Age-specific offer and proactive call
15601045,0.2301,Medium,0,num__IsActiveMember,num__BalanceSalaryRatio,num__ZeroBalance,Re-engagement campaign
15609928,0.4381,Medium,0,num__Age,num__IsGermany,num__BalanceSalaryRatio,Age-specific offer and proactive call
15648032,0.065,Low,0,num__EstimatedSalary,num__CreditScore,num__HasCrCard,Regular follow-up and general retention offer
15705707,0.2059,Medium,0,cat__Gender_Male,num__BalanceSalaryRatio,num__IsActiveMember,Regular follow-up and general retention offer
15646374,0.1705,Low,0,num__IsGermany,cat__Gender_Male,num__BalanceSalaryRatio,Review pricing and service in Germany
15715715,0.0468,Low,0,cat__Geography_France,cat__AgeGroup_18-30,num__Tenure,Regular follow-up and general retention offer
15623450,0.4068,Medium,0,num__IsGermany,num__NumOfProducts,cat__Gender_Male,Review pricing and service in Germany
15808760,0.6215,High,0,num__NumOfProducts,cat__Gender_Male,num__Balance,Regular follow-up and general retention offer
15710375,0.119,Low,0,num__IsActiveMember,cat__AgeGroup_41-50,cat__AgeGroup_18-30,Re-engagement campaign
15600832,0.8085,Critical,0,num__NumOfProducts,num__Age,num__IsActiveMember,Regular follow-up and general retention offer
15786739,0.2096,Medium,0,num__NumOfProducts,num__ZeroBalance,cat__AgeGroup_18-30,Regular follow-up and general retention offer
15703763,0.4215,Medium,0,num__Age,num__NumOfProducts,cat__AgeGroup_41-50,Age-specific offer and proactive call
15616666,0.6306,High,0,num__Age,num__IsGermany,cat__Gender_Male,Age-specific offer and proactive call
15800229,0.5696,High,0,num__IsGermany,num__NumOfProducts,cat__Geography_Germany,Review pricing and service in Germany
15594786,0.4262,Medium,0,num__IsGermany,num__NumOfProducts,cat__Geography_Germany,Review pricing and service in Germany
15581197,0.6465,High,0,num__Age,cat__Gender_Male,num__NumOfProducts,Age-specific offer and proactive call
15732610,0.1098,Low,0,cat__Gender_Male,num__IsActiveMember,num__EstimatedSalary,Regular follow-up and general retention offer
15797751,0.8613,Critical,1,num__Age,num__IsGermany,num__NumOfProducts,Age-specific offer and proactive call
15756333,0.3194,Medium,0,num__Age,cat__Gender_Male,cat__AgeGroup_51-60,Age-specific offer and proactive call
15765982,0.3449,Medium,1,num__NumOfProducts,cat__AgeGroup_41-50,num__BalanceSalaryRatio,Regular follow-up and general retention offer
15748995,0.0329,Low,0,cat__Geography_France,cat__Geography_Spain,num__HasCrCard,Regular follow-up and general retention offer
15596088,0.539,High,0,num__Age,cat__Gender_Male,cat__AgeGroup_41-50,Age-specific offer and proactive call
15582149,0.1356,Low,0,num__IsGermany,cat__Gender_Male,num__BalanceSalaryRatio,Review pricing and service in Germany
15588350,0.546,High,0,num__Age,cat__Gender_Male,num__NumOfProducts,Age-specific offer and proactive call
15787597,0.1858,Low,0,num__IsGermany,num__CreditScore,cat__Gender_Male,Review pricing and service in Germany
15750056,0.232,Medium,0,num__NumOfProducts,cat__Gender_Male,num__BalanceSalaryRatio,Regular follow-up and general retention offer
15775905,0.8384,Critical,1,num__Age,num__IsGermany,num__NumOfProducts,Age-specific offer and proactive call
15574584,0.1358,Low,0,num__NumOfProducts,num__ProductsPerTenure,num__ZeroBalance,Regular follow-up and general retention offer
15745201,0.4356,Medium,0,num__Age,cat__Gender_Male,num__BalanceSalaryRatio,Age-specific offer and proactive call
15722004,0.3526,Medium,0,num__NumOfProducts,num__IsActiveMember,cat__Gender_Male,Regular follow-up and general retention offer
15678058,0.3417,Medium,0,num__NumOfProducts,num__IsActiveMember,num__ProductsPerTenure,Regular follow-up and general retention offer
15794472,0.1024,Low,0,cat__Gender_Male,num__IsActiveMember,num__EstimatedSalary,Regular follow-up and general retention offer
15679770,0.99,Critical,1,num__NumOfProducts,num__HighProductCount,num__Age,Immediate review by Relationship Manager
15627190,0.509,High,0,num__Age,num__NumOfProducts,cat__AgeGroup_51-60,Age-specific offer and proactive call
15570004,0.0477,Low,0,num__IsActiveMember,num__TenureByAge,cat__CreditScoreBin_Fair,Re-engagement campaign
15717328,0.2473,Medium,1,num__IsActiveMember,cat__Gender_Male,num__BalanceSalaryRatio,Re-engagement campaign
15701281,0.0315,Low,0,num__CreditScore,cat__CreditScoreBin_Poor,num__Tenure,Regular follow-up and general retention offer
15749807,0.1058,Low,0,cat__Gender_Male,num__IsActiveMember,cat__Geography_France,Regular follow-up and general retention offer
15601263,0.4869,High,0,num__Age,num__IsActiveMember,cat__Gender_Male,Age-specific offer and proactive call
15589348,0.2415,Medium,0,num__NumOfProducts,num__BalanceSalaryRatio,cat__Geography_France,Regular follow-up and general retention offer
15619238,0.0338,Low,0,num__IsActiveMember,cat__Geography_France,cat__Geography_Spain,Re-engagement campaign
15633274,0.287,Medium,0,num__IsActiveMember,num__NumOfProducts,num__TenureByAge,Re-engagement campaign
15601026,0.3158,Medium,0,num__IsGermany,num__NumOfProducts,cat__Gender_Male,Review pricing and service in Germany
15795571,0.241,Medium,0,num__NumOfProducts,num__TenureByAge,cat__Geography_France,Regular follow-up and general retention offer
15575060,0.0701,Low,0,num__IsActiveMember,num__EstimatedSalary,num__TenureByAge,Re-engagement campaign
15617518,0.3851,Medium,0,num__IsGermany,num__NumOfProducts,cat__Geography_Germany,Review pricing and service in Germany
15587210,0.8502,Critical,0,num__Age,num__IsGermany,num__NumOfProducts,Age-specific offer and proactive call
15612087,0.4747,High,0,num__Age,num__NumOfProducts,cat__AgeGroup_41-50,Age-specific offer and proactive call
15632850,0.0544,Low,0,num__TenureByAge,num__EstimatedSalary,cat__AgeGroup_18-30,Age-specific offer and proactive call
15600258,0.1167,Low,0,num__Age,cat__AgeGroup_41-50,cat__AgeGroup_18-30,Age-specific offer and proactive call
15624695,0.1958,Low,0,cat__Gender_Male,num__NumOfProducts,num__EstimatedSalary,Regular follow-up and general retention offer
15601659,0.9215,Critical,1,num__Age,num__InactiveSenior,num__IsActiveMember,Age-specific offer and proactive call
15800434,0.9484,Critical,1,num__Age,num__InactiveSenior,num__NumOfProducts,Age-specific offer and proactive call
15629273,0.7396,Critical,1,num__IsGermany,num__NumOfProducts,num__IsActiveMember,Review pricing and service in Germany
15723263,0.4895,High,1,num__IsGermany,num__NumOfProducts,cat__Gender_Male,Review pricing and service in Germany
15660263,0.1733,Low,0,num__IsActiveMember,num__ZeroBalance,num__EstimatedSalary,Re-engagement campaign
15627859,0.4502,High,0,num__IsGermany,num__NumOfProducts,num__IsActiveMember,Review pricing and service in Germany
15813681,0.1461,Low,0,num__IsGermany,num__BalanceSalaryRatio,num__Balance,Review pricing and service in Germany
15661821,0.8422,Critical,1,num__Age,num__IsGermany,num__NumOfProducts,Age-specific offer and proactive call
15662736,0.738,Critical,1,num__Age,num__IsActiveMember,num__NumOfProducts,Age-specific offer and proactive call
15620836,0.2716,Medium,0,num__IsGermany,num__IsActiveMember,cat__Gender_Male,Review pricing and service in Germany
15656484,0.0718,Low,0,num__EstimatedSalary,num__TenureByAge,cat__AgeGroup_18-30,Regular follow-up and general retention offer
15738634,0.5521,High,0,num__Age,num__NumOfProducts,cat__AgeGroup_41-50,Age-specific offer and proactive call
15578809,0.3466,Medium,1,num__IsGermany,num__IsActiveMember,num__BalanceSalaryRatio,Review pricing and service in Germany
15675337,0.5014,High,1,num__CreditScore,num__IsGermany,num__NumOfProducts,Regular follow-up and general retention offer
15733476,0.3027,Medium,0,num__NumOfProducts,num__IsGermany,cat__Geography_Germany,Regular follow-up and general retention offer
15669342,0.2631,Medium,0,num__IsGermany,num__IsActiveMember,num__BalanceSalaryRatio,Review pricing and service in Germany
15768451,0.9693,Critical,1,num__NumOfProducts,num__HighProductCount,num__BalanceSalaryRatio,Immediate review by Relationship Manager
15624391,0.3226,Medium,0,num__NumOfProducts,cat__Gender_Male,num__EstimatedSalary,Regular follow-up and general retention offer
15811588,0.9578,Critical,1,num__InactiveSenior,num__Age,num__IsActiveMember,Re-engagement campaign
15793901,0.0766,Low,0,cat__Gender_Male,num__IsActiveMember,num__TenureByAge,Regular follow-up and general retention offer
15682273,0.4865,High,0,num__IsActiveMember,num__NumOfProducts,cat__Gender_Male,Re-engagement campaign
15580560,0.2423,Medium,0,num__NumOfProducts,cat__Gender_Male,num__Balance,Regular follow-up and general retention offer
15626233,0.0796,Low,0,cat__Gender_Male,num__EstimatedSalary,num__CreditScore,Regular follow-up and general retention offer
15598086,0.8133,Critical,1,num__Age,num__NumOfProducts,num__IsActiveMember,Age-specific offer and proactive call
15690231,0.5263,High,0,num__Age,cat__Gender_Male,num__ProductsPerTenure,Age-specific offer and proactive call
15655274,0.0746,Low,0,cat__Gender_Male,num__CreditScore,num__HasCrCard,Regular follow-up and general retention offer
15681758,0.0676,Low,0,cat__Gender_Male,num__IsActiveMember,cat__Geography_France,Regular follow-up and general retention offer
15804822,0.0897,Low,0,cat__Gender_Male,num__IsActiveMember,num__TenureByAge,Regular follow-up and general retention offer
15714493,0.077,Low,0,cat__Gender_Male,num__CreditScore,cat__Geography_Spain,Regular follow-up and general retention offer
15677105,0.8844,Critical,1,num__Age,num__IsGermany,num__NumOfProducts,Age-specific offer and proactive call
15605926,0.3111,Medium,0,num__IsGermany,num__Age,num__BalanceSalaryRatio,Review pricing and service in Germany
15727915,0.3115,Medium,0,num__NumOfProducts,num__IsActiveMember,num__EstimatedSalary,Regular follow-up and general retention offer
15730759,0.3286,Medium,1,num__NumOfProducts,cat__Gender_Male,num__IsActiveMember,Regular follow-up and general retention offer
15810075,0.2796,Medium,1,cat__Gender_Male,num__BalanceSalaryRatio,num__ZeroBalance,Regular follow-up and general retention offer
15667216,0.1461,Low,0,cat__Gender_Male,num__BalanceSalaryRatio,num__ZeroBalance,Regular follow-up and general retention offer
15694039,0.6989,High,0,num__Age,num__IsActiveMember,num__IsGermany,Age-specific offer and proactive call
15761477,0.2289,Medium,0,num__IsGermany,num__IsActiveMember,num__BalanceSalaryRatio,Review pricing and service in Germany
15687738,0.1779,Low,0,cat__Gender_Male,num__IsActiveMember,num__CreditScore,Regular follow-up and general retention offer
15733119,0.065,Low,0,num__IsActiveMember,cat__CreditScoreBin_Fair,cat__AgeGroup_18-30,Re-engagement campaign
15738411,0.1543,Low,0,num__NumOfProducts,num__ProductsPerTenure,num__HasCrCard,Regular follow-up and general retention offer
15690188,0.3012,Medium,1,num__NumOfProducts,num__Balance,num__BalanceSalaryRatio,Regular follow-up and general retention offer
15651020,0.1559,Low,0,cat__Gender_Male,num__IsActiveMember,num__BalanceSalaryRatio,Regular follow-up and general retention offer
15640627,0.0592,Low,0,num__IsActiveMember,cat__Geography_Spain,cat__Geography_France,Re-engagement campaign
15647965,0.5267,High,1,num__Age,cat__Gender_Male,num__BalanceSalaryRatio,Age-specific offer and proactive call
15711977,0.3027,Medium,0,num__IsActiveMember,num__NumOfProducts,num__ZeroBalance,Re-engagement campaign
15668081,0.3434,Medium,0,num__Age,cat__Gender_Male,cat__AgeGroup_41-50,Age-specific offer and proactive call
15647898,0.9881,Critical,1,num__NumOfProducts,num__Age,num__HighProductCount,Immediate review by Relationship Manager
15756804,0.8021,Critical,1,num__Age,num__IsActiveMember,num__NumOfProducts,Age-specific offer and proactive call
15785920,0.1623,Low,0,num__IsGermany,num__BalanceSalaryRatio,num__Balance,Review pricing and service in Germany
15654531,0.0826,Low,1,num__IsActiveMember,num__ZeroBalance,num__TenureByAge,Re-engagement campaign
15792329,0.312,Medium,0,num__IsGermany,num__IsActiveMember,num__BalanceSalaryRatio,Review pricing and service in Germany
15684211,0.7265,Critical,0,num__Age,num__IsActiveMember,cat__Gender_Male,Age-specific offer and proactive call
15587562,0.3725,Medium,0,num__NumOfProducts,cat__Gender_Male,num__IsActiveMember,Regular follow-up and general retention offer
15769064,0.6928,High,1,num__IsGermany,num__NumOfProducts,num__IsActiveMember,Review pricing and service in Germany
15718588,0.1537,Low,0,cat__Gender_Male,num__IsActiveMember,cat__CreditScoreBin_Poor,Regular follow-up and general retention offer
15753362,0.1773,Low,0,num__Age,cat__AgeGroup_51-60,cat__Geography_France,Age-specific offer and proactive call
15679642,0.1275,Low,0,num__Age,cat__AgeGroup_41-50,cat__Geography_France,Age-specific offer and proactive call
15636388,0.486,High,0,num__IsGermany,num__NumOfProducts,num__IsActiveMember,Review pricing and service in Germany
15722758,0.1029,Low,0,num__IsActiveMember,num__TenureByAge,cat__AgeGroup_18-30,Re-engagement campaign
15765902,0.1973,Low,0,num__IsGermany,num__BalanceSalaryRatio,cat__Geography_Germany,Review pricing and service in Germany
15682533,0.3647,Medium,0,num__NumOfProducts,cat__Gender_Male,num__EstimatedSalary,Regular follow-up and general retention offer
15731478,0.5965,High,0,num__NumOfProducts,num__IsActiveMember,cat__Gender_Male,Regular follow-up and general retention offer
15733297,0.455,High,0,num__NumOfProducts,cat__Gender_Male,num__EstimatedSalary,Regular follow-up and general retention offer
15675141,0.4972,High,0,num__NumOfProducts,num__IsActiveMember,cat__Gender_Male,Regular follow-up and general retention offer
15697844,0.502,High,1,num__NumOfProducts,num__IsActiveMember,cat__Gender_Male,Regular follow-up and general retention offer
15627412,0.093,Low,0,num__IsActiveMember,num__EstimatedSalary,num__TenureByAge,Re-engagement campaign
15757306,0.8601,Critical,1,num__NumOfProducts,num__Age,num__HighProductCount,Immediate review by Relationship Manager
15781495,0.1338,Low,0,cat__Gender_Male,num__BalanceSalaryRatio,num__ZeroBalance,Regular follow-up and general retention offer
15730273,0.3061,Medium,0,num__NumOfProducts,num__IsActiveMember,num__Balance,Regular follow-up and general retention offer
15777904,0.262,Medium,0,num__Age,cat__Gender_Male,cat__AgeGroup_41-50,Age-specific offer and proactive call
15757952,0.8569,Critical,1,num__NumOfProducts,num__HighProductCount,num__Age,Immediate review by Relationship Manager
15654292,0.2198,Medium,0,num__IsGermany,num__IsActiveMember,num__BalanceSalaryRatio,Review pricing and service in Germany
15703117,0.3107,Medium,0,num__Age,cat__Gender_Male,num__TenureByAge,Age-specific offer and proactive call
15782231,0.0949,Low,0,num__IsActiveMember,num__CreditScore,cat__CreditScoreBin_Poor,Re-engagement campaign
15623566,0.3669,Medium,0,num__NumOfProducts,num__ProductsPerTenure,num__Age,Regular follow-up and general retention offer
15674433,0.6059,High,0,num__IsGermany,num__NumOfProducts,num__IsActiveMember,Review pricing and service in Germany
15809143,0.3823,Medium,0,num__IsGermany,num__NumOfProducts,cat__Geography_Germany,Review pricing and service in Germany
15584320,0.5129,High,0,num__IsActiveMember,num__NumOfProducts,cat__Gender_Male,Re-engagement campaign
15684440,0.3671,Medium,0,num__IsGermany,num__NumOfProducts,cat__Geography_Germany,Review pricing and service in Germany
15658240,0.5386,High,0,num__Age,num__IsActiveMember,cat__Gender_Male,Age-specific offer and proactive call
15576126,0.4219,Medium,0,num__NumOfProducts,cat__Gender_Male,cat__AgeGroup_41-50,Regular follow-up and general retention offer
15692235,0.161,Low,0,cat__Gender_Male,num__IsActiveMember,num__TenureByAge,Regular follow-up and general retention offer
15793307,0.9738,Critical,1,num__NumOfProducts,num__HighProductCount,cat__Gender_Male,Immediate review by Relationship Manager
15747534,0.8138,Critical,1,num__Age,num__NumOfProducts,num__IsActiveMember,Age-specific offer and proactive call
15789714,0.1403,Low,0,num__NumOfProducts,cat__Geography_France,num__BalanceSalaryRatio,Regular follow-up and general retention offer
15751227,0.7411,Critical,0,num__Age,num__IsActiveMember,num__NumOfProducts,Age-specific offer and proactive call
15722813,0.3348,Medium,0,num__IsActiveMember,num__NumOfProducts,cat__Geography_France,Re-engagement campaign
15669060,0.2317,Medium,0,num__InactiveSenior,num__IsActiveMember,cat__CreditScoreBin_Good,Re-engagement campaign
15677112,0.2333,Medium,0,num__IsActiveMember,num__BalanceSalaryRatio,num__ZeroBalance,Re-engagement campaign
15783541,0.0443,Low,0,num__EstimatedSalary,num__HasCrCard,num__TenureByAge,Regular follow-up and general retention offer
15627377,0.0853,Low,0,cat__AgeGroup_41-50,num__CreditScore,cat__AgeGroup_18-30,Age-specific offer and proactive call
15743617,0.8888,Critical,0,num__Age,num__NumOfProducts,num__IsGermany,Age-specific offer and proactive call
15767891,0.2623,Medium,0,num__IsGermany,num__IsActiveMember,cat__Gender_Male,Review pricing and service in Germany
15594408,0.9055,Critical,1,num__Age,num__Balance,num__IsActiveMember,Age-specific offer and proactive call
15807457,0.1334,Low,0,cat__Gender_Male,num__IsActiveMember,cat__Geography_Spain,Regular follow-up and general retention offer
15673908,0.6783,High,0,num__IsGermany,num__NumOfProducts,cat__Gender_Male,Review pricing and service in Germany
15736578,0.4441,Medium,0,num__NumOfProducts,num__Balance,num__BalanceSalaryRatio,Regular follow-up and general retention offer
15721507,0.2922,Medium,1,num__NumOfProducts,num__IsActiveMember,cat__Gender_Male,Regular follow-up and general retention offer
15794849,0.1765,Low,0,num__IsGermany,num__IsActiveMember,num__BalanceSalaryRatio,Review pricing and service in Germany
15618255,0.9256,Critical,1,num__Age,num__InactiveSenior,num__IsActiveMember,Age-specific offer and proactive call
15581840,0.048,Low,0,num__IsActiveMember,num__EstimatedSalary,cat__AgeGroup_18-30,Re-engagement campaign
15689176,0.1586,Low,0,num__Age,cat__AgeGroup_41-50,num__HasCrCard,Age-specific offer and proactive call
15643794,0.3323,Medium,0,num__NumOfProducts,cat__Gender_Male,num__Balance,Regular follow-up and general retention offer
15583680,0.4957,High,0,num__NumOfProducts,num__Balance,cat__AgeGroup_41-50,Regular follow-up and general retention offer
15632665,0.642,High,1,num__Age,num__NumOfProducts,num__Balance,Age-specific offer and proactive call
15789582,0.9649,Critical,0,num__Age,num__InactiveSenior,num__NumOfProducts,Age-specific offer and proactive call
15758039,0.1452,Low,0,num__Age,cat__AgeGroup_41-50,num__HasCrCard,Age-specific offer and proactive call
15579826,0.9475,Critical,0,num__InactiveSenior,num__Age,num__IsActiveMember,Re-engagement campaign
15674000,0.1365,Low,0,num__Age,cat__AgeGroup_41-50,num__HasCrCard,Age-specific offer and proactive call
15778320,0.7727,Critical,0,num__IsGermany,num__NumOfProducts,num__IsActiveMember,Review pricing and service in Germany
15724691,0.0317,Low,0,num__EstimatedSalary,cat__AgeGroup_18-30,cat__CreditScoreBin_Fair,Regular follow-up and general retention offer
15807473,0.0624,Low,0,num__CreditScore,num__TenureByAge,cat__CreditScoreBin_Poor,Regular follow-up and general retention offer
15722322,0.0302,Low,0,cat__Gender_Male,num__EstimatedSalary,num__HasCrCard,Regular follow-up and general retention offer
15690670,0.0366,Low,0,num__TenureByAge,num__HasCrCard,num__EstimatedSalary,Age-specific offer and proactive call
15771509,0.4637,High,0,num__IsGermany,cat__Gender_Male,num__BalanceSalaryRatio,Review pricing and service in Germany
15701946,0.2654,Medium,0,num__NumOfProducts,num__IsActiveMember,num__TenureByAge,Regular follow-up and general retention offer
15707322,0.8077,Critical,1,num__Age,num__IsActiveMember,num__NumOfProducts,Age-specific offer and proactive call
15591150,0.047,Low,0,num__EstimatedSalary,cat__Geography_Spain,num__CreditScore,Regular follow-up and general retention offer
15728917,0.7242,Critical,1,num__Age,num__IsActiveMember,num__NumOfProducts,Age-specific offer and proactive call
15808780,0.0541,Low,0,num__IsActiveMember,cat__Gender_Male,cat__CreditScoreBin_Fair,Re-engagement campaign
15692132,0.2411,Medium,0,num__NumOfProducts,cat__Gender_Male,cat__Geography_France,Regular follow-up and general retention offer
15636736,0.3751,Medium,1,num__Age,cat__Gender_Male,cat__AgeGroup_51-60,Age-specific offer and proactive call
15764405,0.0355,Low,0,num__Tenure,cat__CreditScoreBin_Fair,cat__AgeGroup_60+,Regular follow-up and general retention offer
15732299,0.718,Critical,0,num__NumOfProducts,num__HighProductCount,num__Age,Immediate review by Relationship Manager
15798888,0.4473,Medium,0,num__IsGermany,num__NumOfProducts,cat__Gender_Male,Review pricing and service in Germany
15603454,0.1419,Low,0,num__IsGermany,num__BalanceSalaryRatio,num__ZeroBalance,Review pricing and service in Germany
15735549,0.1392,Low,0,num__IsGermany,num__BalanceSalaryRatio,cat__Geography_Germany,Review pricing and service in Germany
15613180,0.3279,Medium,0,num__IsGermany,num__NumOfProducts,num__ProductsPerTenure,Review pricing and service in Germany
15771087,0.3483,Medium,0,num__ProductsPerTenure,cat__Gender_Male,num__Age,Regular follow-up and general retention offer
15674833,0.1264,Low,0,cat__Gender_Male,num__IsActiveMember,cat__CreditScoreBin_Fair,Regular follow-up and general retention offer
15810167,0.0484,Low,0,num__NumOfProducts,cat__Geography_France,num__HasCrCard,Regular follow-up and general retention offer
15675320,0.3919,Medium,0,cat__Gender_Male,num__IsActiveMember,num__BalanceSalaryRatio,Regular follow-up and general retention offer
15748882,0.0448,Low,0,num__IsActiveMember,cat__Geography_France,cat__Geography_Spain,Re-engagement campaign
15619537,0.0994,Low,0,num__BalanceSalaryRatio,num__ZeroBalance,num__Balance,Regular follow-up and general retention offer
15669301,0.6008,High,1,num__IsGermany,num__NumOfProducts,num__IsActiveMember,Review pricing and service in Germany
15591169,0.927,Critical,1,num__Age,num__IsGermany,num__NumOfProducts,Age-specific offer and proactive call
15699430,0.0969,Low,0,cat__Gender_Male,num__EstimatedSalary,num__IsActiveMember,Regular follow-up and general retention offer
15587394,0.2396,Medium,0,num__IsActiveMember,num__BalanceSalaryRatio,num__ZeroBalance,Re-engagement campaign
15729454,0.0608,Low,0,num__IsActiveMember,num__EstimatedSalary,cat__CreditScoreBin_Poor,Re-engagement campaign
15723481,0.0857,Low,0,cat__AgeGroup_41-50,num__Age,num__HasCrCard,Age-specific offer and proactive call
15654733,0.9651,Critical,1,num__Age,num__InactiveSenior,num__IsActiveMember,Age-specific offer and proactive call
15718245,0.0278,Low,0,cat__AgeGroup_18-30,cat__CreditScoreBin_Fair,cat__AgeGroup_60+,Age-specific offer and proactive call
15661656,0.1483,Low,0,num__BalanceSalaryRatio,num__ZeroBalance,num__CreditScore,Regular follow-up and general retention offer
15790683,0.0992,Low,0,num__BalanceSalaryRatio,num__ZeroBalance,num__Balance,Regular follow-up and general retention offer
15588928,0.1787,Low,0,num__Age,cat__AgeGroup_41-50,cat__AgeGroup_18-30,Age-specific offer and proactive call
15606849,0.1493,Low,0,num__NumOfProducts,cat__Gender_Male,num__BalanceSalaryRatio,Regular follow-up and general retention offer
15693322,0.6166,High,0,num__IsGermany,num__NumOfProducts,cat__Gender_Male,Review pricing and service in Germany
15607176,0.2638,Medium,0,num__NumOfProducts,num__Balance,num__EstimatedSalary,Regular follow-up and general retention offer
15675854,0.544,High,1,num__Age,num__NumOfProducts,cat__AgeGroup_41-50,Age-specific offer and proactive call
15745533,0.9087,Critical,1,num__Age,num__InactiveSenior,num__IsActiveMember,Age-specific offer and proactive call
15678201,0.8014,Critical,1,num__Age,num__NumOfProducts,cat__Gender_Male,Age-specific offer and proactive call
15605339,0.1067,Low,0,cat__Gender_Male,num__TenureByAge,cat__AgeGroup_18-30,Regular follow-up and general retention offer
15707110,0.1977,Low,0,num__IsGermany,num__IsActiveMember,num__BalanceSalaryRatio,Review pricing and service in Germany
15747649,0.3668,Medium,0,num__IsGermany,cat__Gender_Male,num__ProductsPerTenure,Review pricing and service in Germany
15700965,0.0834,Low,0,cat__Gender_Male,num__EstimatedSalary,num__TenureByAge,Regular follow-up and general retention offer
15748595,0.1163,Low,0,cat__Gender_Male,num__BalanceSalaryRatio,num__ZeroBalance,Regular follow-up and general retention offer
15698716,0.8569,Critical,1,num__InactiveSenior,num__Age,num__IsActiveMember,Re-engagement campaign
15581626,0.6766,High,1,num__Age,num__NumOfProducts,num__Balance,Age-specific offer and proactive call
15725039,0.1641,Low,0,num__NumOfProducts,cat__Geography_France,num__ProductsPerTenure,Regular follow-up and general retention offer
15685357,0.3194,Medium,0,num__NumOfProducts,cat__Gender_Male,cat__Geography_France,Regular follow-up and general retention offer
15805463,0.1485,Low,0,num__IsGermany,num__BalanceSalaryRatio,num__Balance,Review pricing and service in Germany
15813590,0.1214,Low,1,num__IsActiveMember,cat__AgeGroup_41-50,cat__Geography_France,Re-engagement campaign
15635502,0.7456,Critical,0,num__NumOfProducts,num__Age,num__IsActiveMember,Regular follow-up and general retention offer
15627484,0.7981,Critical,0,num__Age,num__IsActiveMember,num__NumOfProducts,Age-specific offer and proactive call
15747014,0.1237,Low,0,num__NumOfProducts,cat__Gender_Male,num__HasCrCard,Regular follow-up and general retention offer
15753591,0.0904,Low,0,num__IsActiveMember,cat__CreditScoreBin_Poor,num__CreditScore,Re-engagement campaign
15797905,0.4684,High,0,num__Age,num__IsActiveMember,cat__Gender_Male,Age-specific offer and proactive call
15656822,0.9861,Critical,1,num__NumOfProducts,num__HighProductCount,num__Age,Immediate review by Relationship Manager
15636428,0.8616,Critical,1,num__Age,num__NumOfProducts,num__IsActiveMember,Age-specific offer and proactive call
15566594,0.0589,Low,0,num__IsActiveMember,cat__Geography_France,cat__Geography_Spain,Re-engagement campaign
15719649,0.4346,Medium,0,num__NumOfProducts,num__IsActiveMember,num__BalanceSalaryRatio,Regular follow-up and general retention offer
15631339,0.377,Medium,0,num__NumOfProducts,num__IsActiveMember,num__Balance,Regular follow-up and general retention offer
15691792,0.6834,High,0,num__CreditScore,num__NumOfProducts,num__IsActiveMember,Regular follow-up and general retention offer
15593280,0.6899,High,0,num__IsGermany,num__Age,num__NumOfProducts,Review pricing and service in Germany
15811589,0.1537,Low,0,num__IsActiveMember,num__EstimatedSalary,cat__AgeGroup_41-50,Re-engagement campaign
15691817,0.8997,Critical,1,num__NumOfProducts,num__HighProductCount,num__Age,Immediate review by Relationship Manager
15714466,0.8481,Critical,1,num__NumOfProducts,num__HighProductCount,cat__Gender_Male,Immediate review by Relationship Manager
15804017,0.5846,High,0,num__IsGermany,num__NumOfProducts,num__IsActiveMember,Review pricing and service in Germany
15615016,0.0371,Low,0,num__TenureByAge,num__CreditScore,cat__CreditScoreBin_Poor,Age-specific offer and proactive call
15812920,0.604,High,0,num__NumOfProducts,num__IsGermany,num__EstimatedSalary,Regular follow-up and general retention offer
15794841,0.275,Medium,0,num__NumOfProducts,num__IsActiveMember,cat__Geography_France,Regular follow-up and general retention offer
15767488,0.076,Low,0,num__IsActiveMember,cat__Geography_France,cat__Geography_Spain,Re-engagement campaign
15583392,0.9736,Critical,1,num__NumOfProducts,num__HighProductCount,num__IsGermany,Immediate review by Relationship Manager
15614103,0.6015,High,1,num__IsGermany,num__NumOfProducts,cat__Geography_Germany,Review pricing and service in Germany
15613623,0.6594,High,0,num__Age,num__NumOfProducts,num__Balance,Age-specific offer and proactive call
15589805,0.2763,Medium,0,cat__Gender_Male,num__NumOfProducts,num__EstimatedSalary,Regular follow-up and general retention offer
15648030,0.302,Medium,0,cat__Gender_Male,num__IsActiveMember,num__BalanceSalaryRatio,Regular follow-up and general retention offer
15709653,0.0515,Low,0,num__IsActiveMember,cat__CreditScoreBin_Poor,cat__CreditScoreBin_Fair,Re-engagement campaign
15729083,0.2109,Medium,0,num__NumOfProducts,num__BalanceSalaryRatio,num__HasCrCard,Regular follow-up and general retention offer
15625881,0.2171,Medium,0,num__IsGermany,num__BalanceSalaryRatio,num__Balance,Review pricing and service in Germany
15724321,0.9268,Critical,1,num__Age,num__IsGermany,num__NumOfProducts,Age-specific offer and proactive call
15685109,0.095,Low,0,num__IsActiveMember,cat__CreditScoreBin_Fair,cat__AgeGroup_18-30,Re-engagement campaign
15652218,0.2785,Medium,0,num__IsActiveMember,num__NumOfProducts,num__TenureByAge,Re-engagement campaign
